ChangeType,branch_code,FieldName,OldValue,NewValue
Added,05672,,,"{""name"": ""AHMEDABAD HARI DARSHAN PARK"", ""branch_code"": ""05672"", ""address"": {""line1"": ""H NO: 177, SHIV DARSHAN "", ""line2"": ""MONY HOTEL ROAD"", ""line3"": ""ISANPUR NAROL CHOKDI"", ""city"": ""AHMEDABAD"", ""pinc"
Added,05670,,,"{""name"": ""FARIDABAD SECTOR 15"", ""branch_code"": ""05670"", ""address"": {""line1"": ""H.NO: 388"", ""line2"": ""NEAR VIDYA MANDIR PUBLIC SCHOOL"", ""line3"": ""OFF: TELEPHONE EXCHANGE ROAD, SECTOR 15 A"", ""city"": ""FAR"
Added,05656,,,"{""name"": ""USEHAT"", ""branch_code"": ""05656"", ""address"": {""line1"": ""H NO: 211"", ""line2"": ""SAHPUR ROAD, WARD NO-4"", ""line3"": ""TAL: DATAGANJ"", ""city"": ""USEHAT"", ""pincode"": ""243641""}, ""email"": """", ""contact"""
Added,05663,,,"{""name"": ""CHAKARBHATA"", ""branch_code"": ""05663"", ""address"": {""line1"": ""KHASRA NO: 351/26"", ""line2"": ""BEHIND ANURAG VIDHYA MANDIR, MAIN ROAD"", ""line3"": ""NEAR NAGAR PANCHAYAT BODRI"", ""city"": ""CHAKARBHATA"
Added,05674,,,"{""name"": ""GUDHA GORJI"", ""branch_code"": ""05674"", ""address"": {""line1"": ""H NO: 506"", ""line2"": ""BHORKI ROAD, NEAR SUMAN HOSPITAL"", ""line3"": """", ""city"": ""GUDHA GORJI"", ""pincode"": ""333022""}, ""email"": """", ""c"
Added,05667,,,"{""name"": ""GANDHINAGAR SARGASAN SIDDHIVINAYAK PARK"", ""branch_code"": ""05667"", ""address"": {""line1"": ""PLOT NO: 86"", ""line2"": ""SARGASAN CROSS ROAD, BEHIND SAHJAND SCHOOL OF ACHEVER"", ""line3"": ""SIDDHIVINAYA"
Added,05671,,,"{""name"": ""LONI RAM PARK EXTENSION"", ""branch_code"": ""05671"", ""address"": {""line1"": ""H NO: E- 1831, ANUBHUTI BHAWAN"", ""line2"": ""BUDH BAZAR ROAD,  NEAR PRIYADARSHINI PUBLIC SCHOOL"", ""line3"": ""RAM PARK EXT"
Added,05675,,,"{""name"": ""KHAIR (ALIGARH)"", ""branch_code"": ""05675"", ""address"": {""line1"": ""K.NO: 1047, SHIVANCHAAL"", ""line2"": ""OPP: SOMNA BYE-PASS ROAD"", ""line3"": ""MAHAVALI COMPLEX"", ""city"": ""KHAIR"", ""pincode"": ""20213"
Added,05657,,,"{""name"": ""SAHIBGANJ JIRWABARI"", ""branch_code"": ""05657"", ""address"": {""line1"": ""C/O: DR.AJAY, KR.SINGH AND RAJESH SINGH, H.NO: 0270000524000A1"", ""line2"": ""CHHOTA PANCHGARH, OPP: DR.KIRAN MALA NURSING HO"
Added,05659,,,"{""name"": ""HUTTI (RAICHUR)"", ""branch_code"": ""05659"", ""address"": {""line1"": ""H NO: 6-27/1, WARD NO-3"", ""line2"": ""SANTE BAZAR, NEAR BUS STAND, MAIN BAZAR"", ""line3"": ""TAL: LINGASAGUR"", ""city"": ""HUTTI"", ""pi"
Added,05668,,,"{""name"": ""JAIPUR SHIVPURI COLONY"", ""branch_code"": ""05668"", ""address"": {""line1"": ""A-73, HARI MARG"", ""line2"": ""INTERNATIONAL AIRPORT ROAD"", ""line3"": ""SHIVPURI COLONY, SANGANER THANE"", ""city"": ""JAIPUR"", "
Added,05660,,,"{""name"": ""BALLABGARH SIKRI"", ""branch_code"": ""05660"", ""address"": {""line1"": ""H NO: 226"", ""line2"": ""NATIONAL HIGHWAY MATHURA ROAD"", ""line3"": ""NEAR SHIV MANDIR, SIKRI, TEH: BALLABGARH"", ""city"": ""BALLABGAR"
Added,05673,,,"{""name"": ""RANCHARDA"", ""branch_code"": ""05673"", ""address"": {""line1"": ""H NO: 180"", ""line2"": ""KHAT VAS, NEAR RAMJI MANDIR"", ""line3"": ""TAL: KALOL"", ""city"": ""RANCHARDA"", ""pincode"": ""382115""}, ""email"": """", """
Added,05669,,,"{""name"": ""SUNDRUPUTTU"", ""branch_code"": ""05669"", ""address"": {""line1"": ""H.NO: 18-166, TTD KALYANAMANDAPAM"", ""line2"": ""NEAR GOVT. HOSPITAL, SAIBABA TEMPLE BESIDE ROAD"", ""line3"": ""W.NO:5, SUNDRUPUTTU COLO"
Added,05665,,,"{""name"": ""KAKINADA MADHURA NAGAR"", ""branch_code"": ""05665"", ""address"": {""line1"": ""H NO: 4-88"", ""line2"": ""NEAR GOKULAM"", ""line3"": ""MADHURA NAGAR"", ""city"": ""KAKINADA"", ""pincode"": ""533004""}, ""email"": """", "
Added,05666,,,"{""name"": ""RAZOLE"", ""branch_code"": ""05666"", ""address"": {""line1"": ""H NO: (7-71), DAIMOND BUILDING"", ""line2"": ""OLD LIBRARY STREET"", ""line3"": """", ""city"": ""RAZOLE"", ""pincode"": ""533242""}, ""email"": """", ""cont"
Added,05664,,,"{""name"": ""BADAPARI"", ""branch_code"": ""05664"", ""address"": {""line1"": ""KHATA NO: 438/367, PLOT NO: 587/2020, 588/2021, CHANDANPUR SAHI ROAD"", ""line2"": ""NEAR CHAMPAKESWAR TEMPLE"", ""line3"": ""TAL: TANGI"", ""c"
Added,05661,,,"{""name"": ""NARENDRA NAGAR"", ""branch_code"": ""05661"", ""address"": {""line1"": ""H NO: 283, ANTHWAL BHAWAN"", ""line2"": ""NEAR SHIV MURTI"", ""line3"": ""CIVIL LINE"", ""city"": ""NARENDRA NAGAR"", ""pincode"": ""249175""}, "
Added,05655,,,"{""name"": ""DHATARI"", ""branch_code"": ""05655"", ""address"": {""line1"": ""H NO: 64"", ""line2"": ""NEAR R.K. GENERAL STORE"", ""line3"": """", ""city"": ""DHATARI"", ""pincode"": ""283135""}, ""email"": """", ""contact"": """", ""coun"
Added,05662,,,"{""name"": ""VISAKHAPATNAM PENDURTHI"", ""branch_code"": ""05662"", ""address"": {""line1"": ""H NO: 139, GROUND FLOOR, H/O CHINNAPPALA NAIDU"", ""line2"": ""RAMALAYAM VEEDHI, ARAKU ROAD"", ""line3"": ""OLD PENDURTHI"", ""c"
Added,05658,,,"{""name"": ""HEBSUR"", ""branch_code"": ""05658"", ""address"": {""line1"": ""PLOT NO: 1011, SHARIP DESAI"", ""line2"": ""PETROL BUNK ROAD"", ""line3"": ""TAL: HUBLI"", ""city"": ""HEBSUR"", ""pincode"": ""581209""}, ""email"": """", "
Deleted,04729,,"{""address"": {""city"": ""KARJAGI"", ""line1"": ""SHIKSHAKAR VASATI NILAYA"", ""line2"": ""BEHIND VETERINARY HOSPITAL"", ""line3"": ""AMBEDKAR NAGAR"", ""pincode"": ""581112""}, ""branch_code"": ""04729"", ""contact"": """", ""coo",
Deleted,05321,,"{""address"": {""city"": ""KADAR CHOWK"", ""line1"": ""KHASRA NO: 315, FIRST FLOOR"", ""line2"": ""NEAR SHRI KALSER BABA ADARSH INTER COLLEGE"", ""line3"": ""USHET ROAD, LABHARI, KADAR CHOWK"", ""pincode"": ""243601""}, ""b",
Deleted,05151,,"{""address"": {""city"": ""GURUGUNTA"", ""line1"": ""PLAT NO: 12,13, MAIN ROAD"", ""line2"": ""SRI VENKATESHWARA KIRANI STORE"", ""line3"": ""OPP: POLICE STATION, TAL: LINGASUGUR"", ""pincode"": ""584139""}, ""branch_code"":",
Modified,03049,address.line3,TAL: SURAJPUR,"TAL: SURAJPUR, MANENDRAGARH ROAD"
Modified,00038,contact,011-23266456,
Modified,00038,mobile,9891977150,9873933179
Modified,01511,contact,01972-223976,
Modified,01511,mobile,9418046091,"7018384544, 9736366247"
Modified,02459,contact,,07146-359980
Modified,02459,name,SARNI,SARNI (BETUL)
Modified,02459,address.city,SARNI,SARNI (BETUL)
Modified,00437,contact,08375- 234712,
Modified,00437,address.line3,JAYADEVA NAGAR PLOT ROAD,
Modified,00437,address.line2,NEAR OLD D.C.OFFICE,"NEAR OLD D.C.OFFICE, JAYADEVA NAGAR PLOT ROAD"
Modified,05219,address.line1,"H NO: 15, H/O ANIL SAKALANI","H NO: 13, C/O GAMBHIR SINGH GUSAIN"
Modified,05219,address.line3,"COLLAGE ROAD, GABBAR CHOWK","WARD NO: 3, CHAMBA"
Modified,05219,address.line2,NEAR SATKAR HOTEL SALIVATION POINT,"COLLEGE ROAD, NEAR JOSHI HARDWARE"
Modified,05219,coords,"['30.3455190000', '78.3935970000']","['30.3454380000', '78.3938980000']"
Modified,03714,mobile,7987040372,"7987040372, 9691711063"
Modified,03714,address.line1,HOUSE NO: 84/1,SHIV DHAM
Modified,03714,address.line3,WARD NO: 8,WARD NO: 9
Modified,03714,address.line2,"MAHAVEER SWAMI MARG, NEAR JAIN TEMPLE","SAGWARIYA GHATI, NEAR SHRI RAM TEMPLE"
Modified,03714,coords,"['24.3075349000', '74.8912750000']","['24.3086050000', '74.8918300000']"
Modified,90006,region,INDIA,MADHUBAN SISTER CONCERNS
Modified,00309,address.line3,"GOVT. HOSPITAL ROAD, TAL: JETPUR",TAL: JETPUR
Modified,00309,address.line2,"OPP. GOVT. HOSPITAL, RAMNAGAR SOCIETY","OPP. GOVT. HOSPITAL ROAD, RAMNAGAR SOCIETY"
Modified,00485,mobile,"7483361595, 9986554402",9986554402
Modified,04031,contact,08170-218100,
Modified,04031,name,ALUR,ALUR (HASSAN)
Modified,04031,address.line3,"BEHIND OLD COURT CIRCLE RD, RAJAPPA EXTENTION","BEHIND OLD COURT CIRCLE ROAD, RAJAPPA EXTENTION"
Modified,01842,contact,08136- 247835,
Modified,03726,email,,kunjpura@bkivv.org
Modified,01533,name,NAKUR,NAKUR (SAHARANPUR)
Modified,04284,mobile,"8763350341,  9437206407",8763350341
Modified,05272,address.line3,"KOHAND, TAL: GHARAUNDA","BALAJI VALI GALI, TAL: GHARAUNDA"
Modified,05272,address.line2,NEAR BABA BALAKRAM PUBLIC SCHOOL,"NEAR BABA BALAKRAM PUBLIC SCHOOL, NEAR NADI"
Modified,01778,address.line3,NEAR P.WD. POLICE POINT,U.P.W.D.ROAD
Modified,01778,address.line2,U.P.W.D.ROAD,NEAR P.WD. POLICE POINT
Modified,01405,address.line2,OM SHRI AKASHDIP SOCIETY,"OM SHRI AKASHDIP SOCIETY, STATION ROAD"
Modified,01833,mobile,"8362363146, 9480701544","7406081776, 9480701544"
Modified,01833,address.line1,NEAR AKKAMAHADEVI TEMPLE ROAD,PROPERTY NO: 1239
Modified,01833,address.line3,,WARD NO-5
Modified,01833,address.line2,,NEAR AKKAMAHADEVI TEMPLE ROAD
Modified,01458,email,,shahapur.mh@bkivv.org
Modified,00885,contact,0548- 2221626,
Modified,00885,mobile,"9451006028, 9451648088","9451006028, 6393554878"
Modified,05325,email,,gogunda@bkivv.org
Modified,05325,address.line1,HOUSE OF RAJENDRA POWAL,"K.NO: 130132016830, HOUSE OF RAJENDRA POWAL"
Modified,05325,address.line2,PORWALO KI SEHRI,PORWALO KI SEHRI ROAD
Modified,03564,contact,1734-256741,
Modified,03564,address.line1,"KHASRA NO: 63/3, ""LIGHT HOUSE""","KHASRA NO: 63/3, LIGHT HOUSE"
Modified,03564,address.line3,PANCHRAM COLONY,CHANDIGARH- NARAINGARH ROAD
Modified,03564,address.line2,NEAR BUS STAND,"NEAR BUS STAND, PANCHRAM COLONY"
Modified,00443,address.line1,"'RAJYOGA BHAWAN', H.NO: 1-1-18/1","'RAJYOGA BHAWAN', H.NO: 1-1-18/2"
Modified,00443,address.line2,NEAR TAGORE PRIMARY SCHOOL,NEAR TAGORE PRIMARY SCHOOL ROAD
Modified,02283,contact,01666- 238805,
Modified,02283,address.line1,"H NO: 7,SADBHAWNA BHAWAN","H NO: 7, SADBHAWNA BHAWAN"
Modified,02116,name,HARDA  (MP),HARDA (MP)
Modified,02116,address.city,HARDA,HARDA (MP)
Modified,05170,mobile,"8169386865, 7020999688","7020999688, 9923953289"
Modified,00786,contact,01398-251543,
Modified,04281,mobile,"9439668892, 8093395231",8917284278
Modified,00534,district_id,4175,7783
Modified,00534,contact,08571-224373,
Modified,00534,district,CHITTOOR,Annamayya
Modified,00257,mobile,8128256214,"8128256214, 9426712533"
Modified,00257,address.line1,"PLOT NO. 31, SURVEY NO.10/2, BLOCK NO. A-1, VISHWA PRAKASH","PLOT NO: 31, SURVEY NO.10/2, BLOCK NO. A-1, VISHWA PRAKASH"
Modified,00919,contact,05176-277571,
Modified,00919,mobile,9451936577,"9451936577, 7752921272"
Modified,00919,address.line1,"PLOT NO: 565, 'VARDHANI BHAWAN'","PLOT NO: 565, VARDHANI BHAWAN"
Modified,04354,address.line2,WEST NADA,"WEST NADA, NEAR CHERPU-THRIPRAYAR ROAD"
Modified,01218,contact,08533-270959,
Modified,01218,address.line2,NEAR JAGADAMBA RICE MILL,"NEAR JAGADAMBA RICE MILL, YASHODA HOSPITAL ROAD"
Modified,01958,address.line3,"KIM OLPAD MAIN ROAD, TAL: OLPAD",TAL: OLPAD
Modified,01958,address.line2,SHANTINAGAR SOCIETY-1,"SHANTINAGAR SOCIETY-1, KIM OLPAD MAIN ROAD"
Modified,03657,name,PATAS,PATAS (PUNE)
Modified,03657,address.line1,"HOUSE NO: 773, MUNJOBA CHOWK",NEAR DAREKAR BUILDING
Modified,03657,address.line3,"PUNE-SOLAPUR HIGHWAY, TEH: DAUND",TEH: DAUND
Modified,03657,address.line2,NEAR NAGESHWAR TEMPLE,NAGESHWAR TEMPLE ROAD
Modified,03657,coords,"['18.4334021000', '74.4645504000']","['18.4328760000', '74.4634620000']"
Modified,04372,address.line1,PRABHU UPVAN,"PRABHU UPVAN, KHASRA NO: 335/1"
Modified,01425,contact,02596- 244211,
Modified,01425,address.line1,"SURVEY NO: 58/13, OPP: BANK OF BARODA",SURVEY NO: 58/13
Modified,01425,address.line2,BHADGAON ROAD,"OPP: BANK OF BARODA, BHADGAON ROAD"
Modified,00768,contact,01745-271231,
Modified,00768,email,,nissing@bkivv.org
Modified,00768,mobile,"9255578994, 9315518000",9255578994
Modified,00768,address.line1,'SHIV SHAKTI BHAWAN',"H.NO: 3685, SHIV SHAKTI BHAWAN"
Modified,00768,address.line3,ANAJ MANDI,"ANAJ MANDI,  SHIV COLONY"
Modified,00768,address.line2,SHIV COLONY,AGRAWAL DHARAM SHALA WALI GALI
Modified,02371,mobile,9113548101,9739698468
Modified,02371,address.line1,"KANASU, H NO: 62","H NO: 284, 4TH MAIN"
Modified,02371,address.line2,"CQAL LAYOUT, BEHIND B.B.M.P OFFICE","17TH CROSS, CQAL LAYOUT, T BLOCK"
Modified,02371,coords,"['13.0625910000', '77.5840028000']","['13.0615500000', '77.5811400000']"
Modified,03442,mobile,8105083945,8660570345
Modified,02379,contact,01978-254137,
Modified,02379,mobile,"9418934376, 9816539104","8091702800, 9816539104"
Modified,02379,address.line1,KHASRA NO: 435,BRAHMA KUMARIS
Modified,02379,address.line3,SHIMLA-DHARMSHALA ROAD,"SHIMLA-KANGRA ROAD, GHUMARWIN"
Modified,02379,address.line2,"OPP.STATE BANK OF PATIALA, DHAKERI CHOWK","OPP: BSNL TOWER, WARD NO:01"
Modified,02379,coords,"['31.4325772000', '76.7137837000']","['31.4442330000', '76.7049450000']"
Modified,01502,name,BIJNOR,BIJNOR ANUPAM VIHAR COLONY
Modified,05270,address.line2,NEAR NAGARKHERA MANDIR,"NEAR NAGARKHERA MANDIR, NAHAN KALAAMB ROAD"
Modified,00771,contact,0180-2696006,
Modified,05430,name,MUKERIAN  ADARSH NAGAR,MUKERIAN ADARSH NAGAR
Modified,05430,email,,adarshnagar.muk@bkivv.org
Modified,05430,address.line2,BEHIND NAMDHARI SUPER STORE,"BEHIND NAMDHARI SUPER STORE, KHICHIYA ROAD"
Modified,05430,address.city,MUKERIAN ,MUKERIAN
Modified,00981,name,SONEPAT SECTOR 15,SONIPAT SECTOR 15
Modified,00981,address.city,SONEPAT,SONIPAT
Modified,00100,mobile,"9871241656, 9650692176","9650692282, 9650692175"
Modified,00100,address.line1,OPP: SHIV MANDIR,"H NO: 90/2, OPP: SHIV MANDIR"
Modified,00100,address.line3,JAIPUR ROAD,
Modified,00100,address.line2,"N.H- 8, KM- 54","N.H- 8, KM- 54, JAIPUR ROAD"
Modified,02222,address.line3,,OPPOSITE POLICE STATION ROAD
Modified,00557,contact,0251-2604601,
Modified,00557,address.line3,SHIV MANDIR ROAD,
Modified,00557,address.line2,SHIV BASAV HOUSING SOCIETY,"SHIV BASAV HOUSING SOCIETY, SHIV MANDIR ROAD"
Modified,04868,address.line3,TAL: HAZUR,"J.P.ROAD, TAL: HAZUR"
Modified,02286,mobile,"9897214068, 8171476976","9897214068, 8979813878"
Modified,00634,contact,022- 21026848,022- 21023449
Modified,04474,address.line3,PANIPAT,"ELDECO ESTATE ONE, PANIPAT"
Modified,04474,address.line2,ELDECO ESTATE ONE,CENTRAL AVENUE 3 LANE
Modified,04426,email,,harshnagar.asd@bkivv.org
Modified,00313,name,ARANG,ARANG (RAIPUR)
Modified,00313,email,,arang@bkivv.org
Modified,04671,email,,naubad.bdr@bkivv.org
Modified,04671,mobile,9448979830,"9448979830, 8073992367"
Modified,04671,address.line1,"H NO: 310-B, 'BASAVA BELAGU'","H NO: 19-5-210/78, ANUBHUTI BHAWAN"
Modified,04671,address.line3,"OPP: BSNL OFFICE, NAUBAD",NAUBAD
Modified,04671,address.pincode,585402,585404
Modified,04671,address.line2,"CHOULI ROAD, KIADB COLONY","CHOULI ROAD, KIADB HOUSING AREA"
Modified,04671,coords,"['17.9382800000', '77.4735470000']","['17.9371670000', '77.4727210000']"
Modified,05601,address.line2,"NEAR VARMA KIRANA STORE, WARD NO: 20","NEAR VARMA KIRANA STORE, WARD NO: 20, BILASPUR ROAD"
Modified,01326,contact,0251- 2670922,
Modified,02102,mobile,"9451936574, 9451266630","9451936574, 7355605592"
Modified,02102,address.line1,VISHWA SHANTI BHAWAN,"H.NO:134, VISHWA SHANTI BHAWAN"
Modified,04305,section,00704,04304
Modified,05569,email,,mudiyakheda.mra@bkivv.org
Modified,05569,mobile,"7224054934, 9691557798","9691557798, 7224054934"
Modified,05569,address.line1,"H NO: 38, AMBAH ROAD","H NO: GIS/01/778, DEVI RAMS HOUSE"
Modified,05569,address.line3,WARD NO-1,MUDIYA KHEDA
Modified,05569,address.line2,CHATURBHUJ DANDOTIYA KA BADA,YADAV MOHALLA
Modified,05569,coords,"['26.5183260000', '78.0300620000']","['26.5182390000', '78.0300050000']"
Modified,03446,section,01817,01222
Modified,02735,contact,01731- 284405,
Modified,02735,address.line1,VISHWA SHANTI BHAWAN,"KHASRA NO: 12//16, VISHWA SHANTI BHAWAN"
Modified,02735,address.line3,,ADHOYA ROAD
Modified,02735,address.line2,PUSHPA VIHAR,"NEAR SHEMROCK SCHOOL, PUSHPA VIHAR"
Modified,02949,contact,0460- 2205870,
Modified,05185,address.line1,BEHIND GOVT HOSPITAL,"H NO: 24, BEHIND GOVT HOSPITAL"
Modified,05185,address.line2,NEAR TIRUMAL HIGH SCHOOL,"NEAR TIRUMAL HIGH SCHOOL, GADARWA NAGAR"
Modified,03663,address.line1,NEAR VENKATESHWARA TALKIES,"H NO: 1374, NEAR VENKATESHWARA TALKIES"
Modified,03663,address.line2,VIDYANAGAR,"VIDYANAGAR, BUS STAND ROAD"
Modified,01253,contact,08384-227370,
Modified,01253,mobile,9448756957,7975292238
Modified,01253,address.line3,CHURCH ROAD,
Modified,01253,address.line2,NEAR KAVERI CLINIC,"NEAR KAVERI CLINIC, CHURCH ROAD"
Modified,03355,mobile,"9612601063, 8258894462","7002919348, 8258894462"
Modified,04973,address.line1,PRABHU KIRAN,"PRABHU KIRAN, DAG NO: 660"
Modified,04973,address.line3,NEAR BAKUL TALA,
Modified,04973,address.line2,KASHINDRA BANERJEE ROAD,"KASHINDRA BANERJEE ROAD, NEAR BAKUL TALA"
Modified,00457,mobile,"9900620225,8618440349","9900620225, 8618440349"
Modified,02517,address.line2,DARBAR ROAD,"DARBAR ROAD, NEAR BAZAR BASAVANNA TEMPLE"
Modified,04102,mobile,"8603884198, 9234766511","8603884198, 8789143956"
Modified,04102,address.line1,"HOLDING NO: 6C, KANCHAN VIHAR",HOLDING NO: 6766
Modified,04102,address.line3,"SANKOSAI ROAD NO:1, MANGO",MANGO
Modified,04102,address.line2,"OPP: ELECTRICITY OFFICE, DIMNA ROAD","NEW ULIIH, SHIV MANDIR ROAD"
Modified,04102,coords,"['22.8361833000', '86.2290069000']","['22.8235600000', '86.2167290000']"
Modified,04918,address.line1,H.NO: 2082,H.NO: 2119
Modified,04918,address.line3,PANIPAT ROAD,PANIPAT KAIRANA ROAD
Modified,04918,coords,"['29.4455860000', '77.2955520000']","['29.4447680000', '77.2949360000']"
Modified,04750,address.line1,SHIV SADHANA DHAM,"H.NO: ROR-1902/2 MIN, SHIV SADHANA DHAM"
Modified,04549,mobile,"9612031641, 9612601063",9612031641
Modified,04549,address.line1,"H.NO: 52/1, HOUSE OF BADAL BAIDYA","H.NO: 040901, HOUSE OF ASHOK PALLI"
Modified,04549,address.line2,NEAR ASSAM OIL PETROL PUMP,NEAR AMBASSA SAWMILL
Modified,04549,coords,"['23.9244268000', '91.8584098000']","['23.9194530000', '91.8473010000']"
Modified,02736,contact,01735- 270166,
Modified,00444,mobile,"9449920990, 7619343856",7619343856
Modified,00444,address.line1,"SADGATHI DHAMA, 3RD CROSS","H NO: 16/16/16, 73, SADGATHI DHAMA"
Modified,00444,address.line2,BRAHMAKUMARIS ROAD,"3RD CROSS, BRAHMAKUMARIS ROAD"
Modified,00927,mobile,9456635460,"9456635460, 7455833805"
Modified,03601,mobile,"9481463446,  9480418737","9481463446, 9480418737"
Modified,03601,address.line2,'OM SHANTI BHAWAN',"'OM SHANTI BHAWAN', BUS STAND ROAD"
Modified,04051,section,00704,04051
Modified,03685,mobile,"8765882684, 9009822994, 7999523682","8765882684, 9009822994"
Modified,03685,address.line1,NEAR BYPASS ROAD,PLOT NO: 910
Modified,03685,address.line2,AZAD NAGAR,"NEAR BYPASS ROAD, AZAD NAGAR"
Modified,90007,region,INDIA,MADHUBAN SISTER CONCERNS
Modified,02999,address.line1,SHIV CITY COLONY,"KHASRA NO: 707/1/1/1, SHIV CITY COLONY"
Modified,01825,section,00439,01710
Modified,02481,contact,02971- 292257,02971- 282257
Modified,02481,email,,pindwara@bkivv.org
Modified,02481,mobile,"9414534502, 9672080161","9414534502, 7014985949"
Modified,03059,mobile,"9264184479, 6202844366",6202844366
Modified,02824,address.line2,III RD CROSS,III RD CROSS ROAD
Modified,02910,contact,05832-268515,
Modified,02910,mobile,9457070595,"9457070595, 7906829808"
Modified,02910,address.line1,"DIVINE LIGHT HOUSE, H.NO: B4","H.NO: B4, DIVINE LIGHT HOUSE"
Modified,02910,address.line3,,AWAS VIKAS
Modified,02910,address.line2,"AWAS VIKAS, BRAHMAKUMARI MARG",BRAHMAKUMARI MARG
Modified,04406,section,00507,00477
Modified,04406,mobile,"8618069655, 8892257967",8618069655
Modified,04406,address.line3,"IIND CROSS, 'C', BLOCK, MAHADEVAPURA","'C', BLOCK, MAHADEVAPURA"
Modified,04406,address.line2,NEAR GOOD SHEPHERD SCHOOL,"NEAR GOOD SHEPHERD SCHOOL, IIND CROSS"
Modified,02368,address.line1,OPP. GRAM PANCHAYAT OFFICE,"SURVEY NO: 29, PLOT NO: 5"
Modified,02368,address.line3,,NEAR KHORASA MAIN ROAD
Modified,02368,address.line2,,OPP: GRAM PANCHAYAT OFFICE
Modified,02400,mobile,9322885136,"9322885136, 7506011918"
Modified,02400,address.line3,"J.B. WADIA ROAD, BHOIWADA",BHOIWADA
Modified,02400,address.line2,"OPP. VICCO LABORATORY, PAREL","OPP. VICCO LABORATORY, PAREL, J.B. WADIA ROAD"
Modified,04342,address.line1,PRABHU UPHAR (SHIVALAY),"KHASRA NO: 2844-2-2, PRABHU UPHAR (SHIVALAY)"
Modified,04342,address.line2,"OPP. REST HOUSE, NEAR FOUR LINE","OPP. REST HOUSE, FOUR LINE ROAD"
Modified,01235,contact,04994-222901,
Modified,01235,mobile,"9446271048, 8921342804","9446271048, 8921342804, 9037247248"
Modified,01235,address.line1,"""PAVITRA GANGA"", VI/1332","""PAVITRA GANGA"", H NO: 1332"
Modified,01235,address.line3,A T ROAD,TAL: KASARGUD
Modified,01235,address.line2,NEAR MURALI MUKUNDA HALL,"NEAR MURALI MUKUNDA HALL, WARD NO-6, A.T ROAD"
Modified,00584,contact,0251-2860786,
Modified,00584,mobile,9987693020,"9987693020, 9987410005"
Modified,02579,address.line2,BEHIND MAHESHWARI DHARM SHALA,"BEHIND MAHESHWARI DHARM SHALA, DANTA ROAD"
Modified,03798,mobile,"9410667136, 8077019803","9410667136, 9258117742"
Modified,02946,mobile,"9402579807, 8787789123","8787789123, 8798707128"
Modified,04728,email,,ramagiri.ctd@bkivv.org
Modified,01542,contact,0180-2696003,
Modified,01542,email,sukhdham.pnp@bkivv.org,oldhbcolony.pnp@bkivv.org
Modified,01542,address.line3,"DEVI MANDIR ROAD, NEAR CHITRAKUT VATIKA",OLD HOUSING BOARD COLONY
Modified,01542,address.line2,OLD HOUSING BOARD COLONY,"NEAR CHITRAKUT VATIKA, DEVI MANDIR ROAD"
Modified,02900,address.line1,"FLAT.NO:110,  FIRST FLOOR","FLAT NO:110, FIRST FLOOR"
Modified,02900,address.line2,"KAPALESHWAR APPT., 'C' WING,","KAPALESHWAR APARTMENT, C WING, KACHERI ROAD"
Modified,00440,contact,0836-2247141,
Modified,00440,address.line1,JIGALUR BUILDINGS,"S NO: 165, JIGALUR BUILDINGS"
Modified,00440,address.line2,P.B. ROAD,"P.B. ROAD, WARD NO: 1"
Modified,00438,contact,08387- 220036,
Modified,00438,address.line1,RAJYOGA BHAWAN,"H NO: 136/A, RAJYOGA BHAWAN"
Modified,05238,address.line3,"TDI CITY, PANIPAT","NEAR MATKA CHOWK, TDI CITY, PANIPAT"
Modified,05238,address.line2,SECTOR 38-39,"SECTOR 38-39, OPP: CENTANIAL SCHOOL"
Modified,00344,contact,0771- 2424057,
Modified,05126,mobile,"9650034151, 8851359745","9650034151, 7009367369"
Modified,05126,address.line1,"L-I, 21&24/1A, GALLI NO-5","H NO:761, BLOCK - L"
Modified,05126,address.pincode,110062,110080
Modified,05126,address.line2,"OPPO: CORPORATION BANK, BAANDH ROAD","STREET NO:12, BANDH ROAD"
Modified,05126,coords,"['28.4985819000', '77.2278279000']","['28.4984100000', '77.2339200000']"
Modified,00295,contact,"0261-2540064, ",0261-2540064
Modified,00295,address.line1,"'SHANTI DOOT' 94-95, SAIFI SOCIETY","SHANTI DOOT, H.NO: 94-95, SAIFI SOCIETY"
Modified,04562,mobile,"9813243341,  9871350306","9813243341, 9466025799"
Modified,02412,mobile,"9935490215, 9451125531","9935490215, 9918495203"
Modified,03612,contact,07680- 211046,
Modified,01174,contact,08562-248888,
Modified,01174,mobile,"9959761139, 7036080561",9959761139
Modified,01174,address.line1,D.NO: 6/1528,H.NO: 41/1495-1-1
Modified,01174,address.line3,,SHANKARAPURAM
Modified,01174,address.line2,SHANKARAPURAM ROAD,APSARA ROAD
Modified,01174,coords,"['14.4756579000', '78.8357303000']","['14.4760160000', '78.8358560000']"
Modified,01713,section,01247,00442
Modified,02225,address.line1,NEAR WATER TANK,"PLOT NO: 43, NEAR WATER TANK"
Modified,05532,mobile,8969573766,"6205856240, 8969573766, 8797978072"
Modified,03950,address.line2,"NEAR SHIV MANDIR, SECTOR 46","NEAR SHIV MANDIR, MAIN ROAD, SECTOR 46"
Modified,05287,address.line2,"KHB COLONY, IIND STAGE, VINOBANAGAR","KHB COLONY, IIND STAGE, VINOBANAGAR, OM SHANTI ROAD"
Modified,04731,address.line1,BUILDING NO:110,"BUILDING NO:110, H/O PRAKASH GUPTA"
Modified,04731,address.line3,BEHIND BUNDELKHAND DAL MILL,CHHATARPUR ROAD
Modified,04731,address.line2,"H/O PRAKASH GUPTA , WARD NO: 4","BEHIND BUNDELKHAND DAL MILL, WARD NO: 4"
Modified,04154,address.line3,"TAL: CHANDPUR, CHANDPUR ROAD",TAL: CHANDPUR
Modified,02682,contact,05612-253074,
Modified,02682,name,SHAMSABAD HARSHAY MOHALLA,SHAMSABAD AGRA ROAD
Modified,02682,mobile,9456800903,9149329848
Modified,02682,address.line1,"H.NO: 25, OPP: MUNNILAL DHARMSHALA","H.NO: 274, SHIV SHAKTI BHAWAN"
Modified,02682,address.line3,,SHAMSABAD
Modified,02682,address.line2,HARSHAY MOHALLA,"NEAR S.S.DEGREE COLLEGE, GULBAPURA ROAD"
Modified,02682,coords,"['27.0170385000', '78.1237621000']","['27.0211110000', '78.1187070000']"
Modified,01220,contact,08397- 238548,
Modified,01220,address.line2,BASAVESHWAR BAZAR,"BASAVESHWAR BAZAR, RAILWAY STATION ROAD"
Modified,02254,contact,08562- 238313,
Modified,02254,mobile,"7702809929, 9441633234",9494356880
Modified,05211,address.line3,TAL: LAVKUSHNAGAR,CHHATARPUR ROAD
Modified,01391,contact,02365-252858,
Modified,01391,address.line3,,BHARAD
Modified,01391,address.line2,"MALVAN WAIRY-TARKARLI ROAD, BHARAD",MALVAN WAIRY-TARKARLI ROAD
Modified,00494,contact,"0821- 2402722, 2404869",
Modified,02165,email,palikacolony.bgh@bkivv.org,sector13.bgh@bkivv.org
Modified,00116,contact,0381- 2322422,
Modified,05031,mobile,"8305276271, 9425109466","9425109466, 8305276271"
Modified,05031,address.line1,KHASRA NO: 55,"KHASRA NO: 459, SHIV DARSHAN ANUBHUTI BHAWAN"
Modified,05031,coords,"['26.4624040000', '78.0047160000']","['26.4650350000', '78.0048060000']"
Modified,05282,address.line2,"SHIVAJI NAGAR, NEAR WATER TANK","SHIVAJI NAGAR, NEAR WATER TANK, RANIA"
Modified,03148,contact,0821- 2371399,
Modified,01225,contact,08188- 251441,
Modified,04859,address.line1,"H NO: B-419, OPP: VISHAL MEGA MART",H NO: B-416
Modified,04859,address.line3,MAHALAXMI ENCLAVE,KARAWAL NAGAR
Modified,04859,address.line2,"GALI NO: 4, MAIN KARAWAL NAGAR ROAD","GALI NO: 4, MAHALAXMI ENCLAVE"
Modified,04859,coords,"['28.7200329000', '77.2773448000']","['28.7202510000', '77.2773300000']"
Modified,01248,contact,08373-267733,
Modified,02341,mobile,"9491090642, 9491940656",9491940656
Modified,02341,address.line1,1/184-2,H NO: 1/1321-1
Modified,02341,address.line2,SRIRAM NAGAR,POOSALA VEEDI
Modified,02341,coords,"['14.4574674000', '78.8234612000']","['14.4579590000', '78.8241770000']"
Modified,02945,contact,03824- 223730,
Modified,02945,mobile,"9774230464, 9774418441","8798707128, 9774418441"
Modified,01550,mobile,"8006614258, 9639135324",8006614258
Modified,02369,contact,-,
Modified,02369,address.line1,JAGADAMBA BHAWAN,"CERTIFICATE NO: 61/90-91, JAGADAMBA BHAWAN"
Modified,02458,address.line1,"SUKHDHAM BHAWAN , GANDHI BAZAR","KHASRA NO: 7, SUKHDHAM BHAWAN , GANDHI BAZAR"
Modified,02367,address.line1,SHANTI ANUBHUTI BHAWAN,"S.NO: 2187, PLOT NO: 1, SHANTI ANUBHUTI BHAWAN"
Modified,00001,name,BETUL,BETUL (MP)
Modified,00001,address.line1,"H NO: 55/1, 'DIVYA DARSHAN BHAWAN'","H NO: 55/1, DIVYA DARSHAN BHAWAN"
Modified,00001,address.city,BETUL,BETUL (MP)
Modified,05436,mobile,"9686012540, 9483494948",9663773995
Modified,05436,address.line1,"FLAT NO: 382, B.N: 14, 1ST FLOOR",HOUSE NO: 210
Modified,05436,address.line3,OPP: GOVT. HIGH SCHOOL,BEHIND BBMP OFFICE
Modified,05436,address.line2,"TANISANDRA MAIN ROAD, 2ND CROSS","1ST CROSS, TANISANDRA MAIN ROAD"
Modified,05436,coords,"['13.0575480000', '77.6296600000']","['13.0572100000', '77.6345120000']"
Modified,03316,name,MASUR,MASUR (SATARA)
Modified,01075,address.line3,"BEFORE RAJWADI PARTY PLOT, NEW KOSAD ROAD",
Modified,01075,address.line2,ABHISEK TOWNSHIP,"ABHISEK TOWNSHIP, OPP: RAJWADI PARTY PLOT, NEW KOSAD ROAD"
Modified,02032,mobile,"9720240840, 9761200425","7302642244, 7906879063"
Modified,04930,address.line3,"JAGSI , TAL: GOHANA","WARD NO:4, TAL: GOHANA"
Modified,04930,address.line2,"NEAR PEER, WARD NO-4","NEAR PEER, JAGMANDAR VALI GALI"
Modified,04425,mobile,"9467709601, 8708581547","9467709601, 8168064735"
Modified,02923,contact,0120-4116452,
Modified,00563,contact,02184-223777,
Modified,00563,address.line1,"RAJYOGA BHAWAN, H.NO: 739/163, PATIL PLOT","H.NO: 739/163, RAJYOGA BHAWAN, PATIL PLOT"
Modified,03908,contact,08375-234712,
Modified,03908,address.line3,"SHIDDA DEVANAPURA, WARD NO: 15",SHIDDA DEVANAPURA
Modified,03908,address.line2,CHOWDESWARI CIRCLE,"CHOWDESWARI CIRCLE, WARD NO: 15"
Modified,00967,contact,5662-235785,
Modified,05187,section,00439,01830
Modified,04993,mobile,"7760914929, 8277139670","7019186429, 7975493524"
Modified,02307,mobile,9861255094,"9861255094, 7735063894"
Modified,02307,address.line1,MANIKNAGAR,"PLOT NO: 385/2712, PRABHU SHANTI UPAVAN"
Modified,02307,address.line3,,HINJILICUT
Modified,02307,address.line2,,GAYATRI NAGAR - 1ST LINE EXTENSION
Modified,02307,coords,"['19.4871930000', '84.7382154000']","['19.4845080000', '84.7378540000']"
Modified,01890,contact,08382-221632,
Modified,01890,mobile,"9739710148, 8762960023",9739710148
Modified,01890,address.line1,OM SHANTI BHAWAN,"H.NO: 37, OM SHANTI BHAWAN"
Modified,01890,address.line3,"D2 ROAD, WARD.NO: 10",WARD.NO: 10
Modified,01890,address.line2,"H.NO: 37, NEW KHB COLONY","NEW KHB COLONY, D2 ROAD"
Modified,02947,mobile,"8787789123, 9862235202","8787748601, 9862235202"
Modified,02947,address.line1,KATIAN NO: 1890,"KATIAN NO: 1890, GYAN JYOTI BHAWAN"
Modified,04146,mobile,9034201415,7988286513
Modified,04146,address.line3,"SUNDER NAGAR, ASAN KHURD","SUNDER NAGAR, ASAN KHURD, ASAN ROAD"
Modified,02150,email,,budhana@bkivv.org
Modified,04424,email,jyotipura.hsr@bkivv.org,chandannagar.hsr@bkivv.org
Modified,04424,mobile,"9466682082, 9813287259","9466682082, 9416820010"
Modified,04739,section,01229,01809
Modified,00704,contact,0891-2799705,
Modified,00704,email,akkayapalem.vsp@bkivv.org,shantipuram.vsp@bkivv.org
Modified,00704,mobile,"9000250102, 8885100008","8885100008, 9393552284"
Modified,00704,address.line2,OPP: L.B.S.PARK ROAD,L.B.S. PARK ROAD
Modified,00746,contact,01624- 225644,
Modified,02145,contact,02141- 223017,
Modified,02145,mobile,9423781862,9640776684
Modified,02676,email,,piparcity@bkivv.org
Modified,02676,mobile,"7742799535, 7976134523","7742799535, 8076763498"
Modified,01531,name,NABHA,NABHA (PATIALA)
Modified,02106,contact,0821- 2462261,
Modified,02106,mobile,7760448798,"7617395241, 7760448798"
Modified,00022,contact,07672-292155,
Modified,00254,address.line3,AMOD ROAD,
Modified,00254,address.line2,RAILWAY CROSSING,"RAILWAY CROSSING, AMOD ROAD"
Modified,01264,address.line2,,"CHAMUNDI HILL, CHAMUNDESHWARI TEMPLE ROAD"
Modified,04203,address.line1,SHANTI KUNJ,"PLOT NO: 57,58, SHANTI KUNJ"
Modified,04575,name,RAHRA,RAHRA (KARNAL)
Modified,04575,email,,rahra@bkivv.org
Modified,04575,mobile,"9416657418,  9416583928","9416657418, 8307095859"
Modified,04140,address.line3,"OPP: KENDRIY VIDYALAYA, PRATAP NAGAR","OPP: KENDRIY VIDYALAYA NO.1, PRATAP NAGAR"
Modified,04140,address.line2,GYAN YOG ANUBHUTI BHAWAN,"GYAN YOG ANUBHUTI BHAWAN, BRAHMAKUMARIS ROAD"
Modified,00497,address.line1,"SHIVA SHAKTI BHAWAN, 7TH STAGE","KHATA NO: 3044/3524/3, SHIVA SHAKTI BHAWAN, 7TH STAGE"
Modified,03900,mobile,7501380234,"9564399814, 8670524324"
Modified,03900,address.line1,HOUSE NO: 196/1061,"HOUSE NO: AB.52, DAS BHAWAN"
Modified,03900,address.line3,MURSHIDABAD (WB),RAGHUNATHGANJ
Modified,03900,address.line2,"GODOWN ROAD,  BEHIND RABINDRA BHAWAN","RAMMOHAN PALLY, MAKANJI ROAD"
Modified,03900,coords,"['24.4655643000', '88.0608745000']","['24.4639720000', '88.0609550000']"
Modified,00486,contact,0821- 2438109,
Modified,00486,mobile,"9008969208, 6363134795",9008969208
Modified,01257,address.line2,"NEAR LIC OFFICE, H.B.S. COLONY","NEAR LIC OFFICE, H.B.S. COLONY, SOMAPPA PARK ROAD"
Modified,03882,district_id,5212,7782
Modified,03882,name,VISSANNAPETA,ANAKAPALLI JAMPAVARI STREET
Modified,03882,mobile,9393552284,"9393552284, 9666679769"
Modified,03882,district,VISAKHAPATNAM,Anakapalli
Modified,03882,address.line1,D NO: 11-7-13,"D NO: 11-7-13, VISWAKALYANAKARI BHAWAN"
Modified,03882,address.line3,"VISSANNAPETA, POST-BHAVYAVARAM",ANAKAPALLI
Modified,03882,address.pincode,531031,531001
Modified,03882,address.city,VISSANNAPETA,ANAKAPALLI
Modified,04530,name,SEWAH,SEWAH (PANIPAT)
Modified,01810,mobile,"9481689594, 9483855655",9483855655
Modified,02373,contact,0180- 2598800,
Modified,02373,mobile,8901363407,8053750608
Modified,04588,section,00466,00474
Modified,05377,mobile,"8762313240, 9880055011",8762313240
Modified,05377,address.line1,'SANJEEVINI' CANOPY APARTMENTS,"'SANJEEVINI' CANOPY APARTMENTS, 1-1-N-34, 3087/286"
Modified,00500,address.line2,NEAR MINI VIDHAN SOUDHA,NEAR MINI VIDHAN SOUDHA ROAD
Modified,90001,region,INDIA,MADHUBAN SISTER CONCERNS
Modified,00567,contact,02522- 258249,
Modified,00567,mobile,"9029416898, 8149888592",8149888592
Modified,04772,address.line2,NEAR FELIX HOSPITAL,NEAR FELIX HOSPITAL ROAD
Modified,04050,district_id,5212,7781
Modified,04050,section,00704,04304
Modified,04050,mobile,9247875780,"9290955568, 9573005611"
Modified,04050,district,VISAKHAPATNAM,Alluri Sitharama Raju
Modified,04069,mobile,"9427639981, 9426704762","9427639981, 7990611173"
Modified,04069,address.line1,"BLOCK NO: 24, ANAND NAGAR SOCIETY","SURVEY NO 175, PAIKEE"
Modified,04069,address.line2,NEAR ANAND WAY BRIDGE ,"KODARALI ROAD, NEAR OSHO UPVAN"
Modified,04069,coords,"['24.0297880000', '72.3936120000']","['24.0220030000', '72.4117100000']"
Modified,04504,name,AMBALA CITY  MOTI NAGAR,AMBALA CITY MOTI NAGAR
Modified,02992,address.line3,DIWANAM STREET,
Modified,02992,address.line2,BEHIND VENUGOPALA SWAMY TEMPLE,"BEHIND VENUGOPALA SWAMY TEMPLE, DIWANAM STREET"
Modified,00797,mobile,6283782655,"6283782655, 9418370356"
Modified,00446,contact,08419-262332,
Modified,05171,email,,jagdishcolony.rok@bkivv.org
Modified,05171,address.line1,"H NO: 534/24, LAXMI APPARTMENT, IST FLOOR",H NO: 844/23
Modified,05171,address.line3,"JAGDISH COLONY, DLF ROAD, OLD ITI",JAGDISH COLONY
Modified,05171,address.line2,"BEHIND D.A.V.SCHOOL, WARD NO-24","DLF COLONY, NEAR STATE BANK"
Modified,05171,coords,"['28.8906820000', '76.5920980000']","['28.8934940000', '76.5948680000']"
Modified,02583,address.line1,"F-15-16, DIVYA ANUBHUTI BHAWAN","PLOT NO: F-15-16, DIVYA ANUBHUTI BHAWAN"
Modified,04440,mobile,"8305449847, 9584349620","8305449847, 7850966256"
Modified,04440,address.line1,"H NO: 220, SHIV SHAKTI BHAWAN","KHASRA NO: 328, SHIV SHAKTI BHAWAN"
Modified,04440,address.line3,"BARSLA, POST: LOPA",TAL: KEOLARI
Modified,04440,address.line2,SEONI MANDLA ROAD,"JHAGRA ROAD, NEAR SANGAM PALACE"
Modified,04440,coords,"['22.2712080000', '79.8315880000']","['22.2702920000', '79.8345680000']"
Modified,05025,address.line1,AMRIT SAROVAR,"GATE NO: 11, AMRIT SAROVAR"
Modified,05025,address.line2,"CHOPDA MANDIR ROAD, OPP SATKAR VATIKA","OPP SATKAR VATIKA, CHOPDA MANDIR ROAD"
Modified,00879,email,faizabad@bkivv.org,ayodhya@bkivv.org
Modified,01765,contact,07686-272436,
Modified,01765,address.line1,H NO: 047,"H NO: 047, OPP: TOURIST VILLAGE"
Modified,01765,address.line3,OPP: TOURIST VILLAGE TEH: RAJNAGAR,TEH: RAJNAGAR
Modified,00479,contact,08230- 262376,
Modified,00479,mobile,"9482901035, 8277633553",9482901035
Modified,00479,address.line3,SBI MAIN ROAD,
Modified,00479,address.line2,SUBASH NAGAR,"SUBASH NAGAR, SBI MAIN ROAD"
Modified,05015,address.line2,NEAR VIKAS BHAWAN,"NEAR VIKAS BHAWAN, BHOWALI ROAD"
Modified,05582,email,,fandpuri@bkivv.org
Modified,05582,address.line3,NEAR POLICE CHOWKI,NAKUR SAHARANPUR ROAD
Modified,05582,address.line2,NAKUR SAHARANPUR ROAD,NEAR POLICE CHOWKI
Modified,01785,contact,03821- 224129,
Modified,04016,name,SURI,SURI (BIRBHUM)
Modified,04016,address.line1,"HOLDING NO: 497/405, SOMENATH DAS",SHIV DARSHAN BHAWAN
Modified,04016,address.line3,"OPP: STYLE BAZAR MALL, WARD NO-11",SURI
Modified,04016,address.line2,"CRDAS ROAD, NEAR SURI HEAD POST OFFICE","RABINDRAPALLY, NEAR SOVA BAZAR MARKET COMPLEX"
Modified,04016,coords,"['23.9172240000', '87.5215010000']","['23.8972180000', '87.5249480000']"
Modified,00924,contact,05280-221103,
Modified,00924,name,RATH,RATH (HAMIRPUR)
Modified,00924,mobile,"9140956728, 9670489594","9140956728, 9453807564"
Modified,00924,address.line1,NEAR RAM BAGA TEMPLE,"H.NO: 397 K, NEAR RAM BAGA TEMPLE"
Modified,00924,address.city,RATH,RATH (HAMIRPUR)
Modified,00481,contact,08232- 233017,
Modified,00481,address.line1,D NO: 733-734,"D NO: 733-734, SHIVA DARSHAN BHAWAN"
Modified,00481,address.line3,MALLAVALI ROAD,
Modified,00481,address.line2,SHIVA DARSHAN BHAWAN,MALLAVALI ROAD
Modified,03906,contact,08175-236660,
Modified,03906,mobile,"9036504545, 9019620045",9036504545
Modified,03906,address.line3,"KAVERI RIVER STREET, TAL: ARAKALGUD",TAL: ARAKALGUD
Modified,03906,address.line2,HANGING BRIDGE ROAD,"HANGING BRIDGE ROAD, KAVERI RIVER STREET"
Modified,03823,address.line3,,MATA MANDIR ROAD
Modified,01811,contact,08189-229981,
Modified,01811,mobile,"8553822142, 9986858351",7619588824
Modified,02344,contact,02964- 234569,
Modified,00005,address.line1,"H NO: D-11, H/O R.K.SHUKLA",LIG: 88A
Modified,00005,address.line3,NEHRU NAGAR,NEHRU NAGAR MAIN ROAD
Modified,00005,address.line2,NEAR MY DENTIST CLINIC,NEAR KOPAL SCHOOL
Modified,00005,coords,"['23.2129100000', '77.3949780000']","['23.2098500000', '77.3965800000']"
Modified,00528,mobile,"9441012408, 9490859880","7780593178, 9490859880"
Modified,04594,section,01248,01818
Modified,04594,email,,halageri@bkivv.org
Modified,04594,mobile,"7795743430, 8861407094",8861407094
Modified,04594,address.line1,"H NO: 828, KUMBAR STREET","H NO: 484, BRAHMA KUMARIS"
Modified,04594,address.line3,TAL: RANEBENNUR,"HALAGERI, TAL: RANEBENNUR"
Modified,04594,address.line2,NEAR HALASIDHESWAR TEMPLE,"GOVT PRIMARY SCHOOL ROAD, WARD NO: 3"
Modified,04594,coords,"['14.5541900000', '75.6104703000']","['14.5559260000', '75.6118780000']"
Modified,01229,name,ILKAL,ILKAL (BAGALKOT)
Modified,01229,address.line3,"KULKARNI PETE, HANMASAGAR ROAD",KULKARNI PETE
Modified,01229,address.line2,CITY  MUNICIPAL OFFICE,"CITY  MUNICIPAL OFFICE, HANMASAGAR ROAD"
Modified,04005,mobile,9411199819,"9897471250, 9411199819"
Modified,04005,address.line1,HOUSE OF SHAILU SHAH JI,KHASRA NO: 2509
Modified,04005,address.line3,,SHITLA PUSHKAR WARD
Modified,04005,address.line2,KALI  KHOLI ROAD,"NEAR HANUMAN MANDIR, PURANI BAZAR ROAD"
Modified,04005,coords,"['29.7785940000', '79.4286980000']","['29.7757790000', '79.4305630000']"
Modified,00462,contact,08226-222358,
Modified,00462,mobile,8431787343,9141837082
Modified,01936,name,KANNUR EDA-CHOVVA,KANNUR EDA CHOVVA
Modified,01936,mobile,9961889844,"9961889844, 9496538643"
Modified,05130,address.line3,NAZAR BAGH,MAHOBA-MUSKURA ROAD
Modified,05130,address.line2,NEAR GOVARDHAN MANDIR,"NEAR GOVARDHAN MANDIR, NAZAR BAGH"
Modified,03236,mobile,"9178877632, 8895309067","9178877632, 8249715787"
Modified,04941,mobile,9416651682,"9416651682, 9050740354"
Modified,04941,address.line2,"BABAIL ROAD, NEAR AMBEDKAR BHAWAN","NEAR AMBEDKAR BHAWAN, BABAIL ROAD"
Modified,05633,email,,ghanerao@bkivv.org
Modified,04298,name,JAWAD,JAWAD (NEEMUCH)
Modified,04298,mobile,7987085250,"7987085250, 9691711063"
Modified,04298,address.line1,"H.NO: 191/1, NAVAL KUNJ",H.NO: 149/7
Modified,04298,coords,"['24.5955740000', '74.8607340000']","['24.5960070000', '74.8599680000']"
Modified,05499,mobile,"8197432671,8073247944","8197432671, 8073247944"
Modified,05499,address.line2,VIJAYANAGARA 4TH STAGE,"VIJAYANAGARA 4TH STAGE, 80 FEET ROAD"
Modified,04475,address.line1,"H.NO: 58, 6TH WARD, BLOCK NO 4, TEMPLE ROAD","H.NO: 58, 6TH WARD, BLOCK NO 4"
Modified,04475,address.line2,NEAR SANTOSHIMATA TEMPLE,NEAR SANTOSHIMATA TEMPLE ROAD
Modified,03568,address.line1,"H.NO: 214/215, SUPREME LIGHT HOUSE","H.NO: 214, SUPREME LIGHT HOUSE"
Modified,03568,address.line2,"NEAR KALKA CHOWK, NEW PRATAP NAGAR","NEAR KALKA CHOWK, NEW PRATAP NAGAR, JAGGI COLONY ROAD"
Modified,05471,mobile,9270170306,"8806585855, 8530654525"
Modified,02223,address.line2,NEAR ROSARY SCHOOL,NEAR LITTLE FLOWER SCHOOL
Modified,00747,address.line1,'RAJYOGA BHAWAN',"'RAJYOGA BHAWAN', H.NO: 407"
Modified,00747,address.line3,KAPURTHALA ROAD,
Modified,00747,address.line2,"407, ADARSH NAGAR","ADARSH NAGAR, KAPURTHALA ROAD"
Modified,01751,email,,bhattukalan@bkivv.org
Modified,01751,mobile,"9996893687, 8059345277","9996891687, 9992208945"
Modified,01751,address.line1,"322, PARMATM ANUBHUTI BHAWAN","H.NO:1067, PARMATM ANUBHUTI BHAWAN"
Modified,01751,address.line3,POLICE THANA ROAD,BHATTU KALAN
Modified,01751,address.line2,MODEL TOWN,NEAR POLICE STATION
Modified,01751,coords,"['29.3911512000', '75.3443863000']","['29.3920440000', '75.3446530000']"
Modified,03946,email,,chhutmalpur@bkivv.org
Modified,03946,mobile,"7668230692,9520708004","7668230692, 9258076925"
Modified,03946,address.line1,"WARD NO: 2, HOUSE OF SUBHASH SAINI",HOUSE OF SUMAN CHAUHAN
Modified,03946,address.line3,ARYANAGAR COLONY,"MAHARANA PRATAP COLONY, WARD NO: 15"
Modified,03946,address.line2,"KAMAALPUR ROAD, NEAR SANATAN DHARMASHALA","GALI NO: 3, SAHARANPUR ROAD"
Modified,03946,coords,"['30.0375649000', '77.7513268900']","['30.0320738000', '77.7489144000']"
Modified,03202,address.line1,BRAHMAKUMARIS ROAD,"H NO: 3680/3688, BRAHMAKUMARIS ROAD"
Modified,01262,name,HANUR,HANUR (CHAMARAJANAGAR)
Modified,01262,address.line1,"H NO: A180, KOLLEGAL","H.NO: 2-10-20, OLD M.D.C.C BANK ROAD"
Modified,01262,address.line3,,"WARD NO: 6, HANUR"
Modified,01262,address.line2,BANDALLI ROAD,MYSORAMMA TEMPLE STREET
Modified,01262,coords,"['12.0918386000', '77.3050560000']","['12.0863440000', '77.3028830000']"
Modified,04837,email,,khinwara@bkivv.org
Modified,04837,address.line1,"H NO: 87, CHHODA BAS","H NO: 104, CHHODA BAS"
Modified,04837,address.line3,TAL: RANI,"KATLERI BAZAR GALI, TAL: RANI"
Modified,01834,section,00439,01709
Modified,00480,mobile,8431083674,9481666994
Modified,00480,address.line3,DR. S. RADHAKRISHNAN EXTENSION,
Modified,00480,address.line2,4TH BLOCK,"4TH BLOCK, DR. S.RADHAKRISHNAN EXTENSION"
Modified,02860,mobile,9210003500,"9210003500, 9211497666"
Modified,05199,address.line3,"WARD NO:11, RAJAJINAGAR, TAL: KADUR","RAJAJINAGAR, TAL: KADUR"
Modified,05199,address.line2,NEAR GANESH TEMPLE,"NEAR GANESH TEMPLE, WARD NO:11, RAILWAY STATION ROAD"
Modified,03820,address.line1,"WARD NO 14, SARASWATI NAGAR",KHASRA NO: 359/322
Modified,03820,address.line3,TAL: DHAMDA,"SARASWATI NAGAR, TAL: DHAMDA"
Modified,03820,address.line2,NEAR BIJALI OFFICE,"NEAR BIJALI OFFICE, WARD NO 14"
Modified,00785,contact,01744-242675,
Modified,01239,contact,08386-222022,
Modified,01239,name,KUMTA,KUMTA (UTTARA KANNADA)
Modified,01392,contact,02133- 225027,
Modified,01392,mobile,9175840636,"9405430559, 7498432609"
Modified,00482,contact,08272- 228923,
Modified,00482,address.line1,LIGHT HOUSE,"SERVEY NO: 339/5, LIGHT HOUSE"
Modified,03550,mobile,9636048009,6378643006
Modified,05502,address.line1,"PLOT NO:899, KHASRA NO:2296-3-19,2","PLOT NO:899, KHASRA NO:2296-3-19, 2"
Modified,05502,address.line2,"SHIV COLONY,DEVRU ROAD","SHIV COLONY, DEVRU ROAD"
Modified,01430,contact,02597-224447,
Modified,01430,address.line1,"PLOT NO:17, AMALNER ROAD",PLOT NO:17
Modified,01430,address.line3,,"AMALNER ROAD, VENKATESH NAGAR"
Modified,01430,address.line2,VENKATESH NAGAR,NEAR VASUNDHARA GARDEN
Modified,04700,address.line1,"VIJYA RATNA BHAWAN, MAIN ROAD","H NO: 21, VIJYA RATNA BHAWAN, MAIN ROAD"
Modified,00146,contact,03862- 228741,
Modified,00146,mobile,9862634518,"9862634518, 8619084002"
Modified,00431,address.line2,BEHIND SARASWATI LAW COLLEGE,"BEHIND SARASWATI LAW COLLEGE, OM SHANTI ROAD"
Modified,02930,mobile,"8810250870,  9968244194, 9013925228, 9582994934","8810250870, 9968244194, 9582994934"
Modified,02930,address.line3,SITA RAM BAZAR ROAD,
Modified,02930,address.line2,KUCHA PATI RAM,"KUCHA PATI RAM, SITA RAM BAZAR ROAD"
Modified,02431,contact,08182-274042,
Modified,05365,address.line2,HOSAKERE EXTENSION,"HOSAKERE EXTENSION, CANERA BANK ROAD"
Modified,03002,mobile,9827725412,"9827725412, 9425735736"
Modified,00474,contact,04936- 206179,
Modified,01916,contact,"0130- 2976951, 2976952",
Modified,01916,name,SONEPAT VISHWAKALYAN SAROVAR,SONIPAT VISHWAKALYAN SAROVAR
Modified,01916,address.line1,'VISHWA KALYAN SAROVAR',"P.NO: 210C723U139, VISHWA KALYAN SAROVAR"
Modified,01916,address.city,SONEPAT,SONIPAT
Modified,03341,mobile,9611398356,9538752959
Modified,00496,contact,08221- 225001,
Modified,02696,address.line1,"PLOT NO: 1235,1236, SHIVA VARADANI BHAWAN",SHIV SANDESH BHAWAN
Modified,02696,address.line3,TEH: KODALA,TEH: POLASARA
Modified,02696,address.line2,"KOLAMBA ROAD, NEAR LANGLAESHWAR TEMPLE","KALI MANDIR STREET, NEAR SHISU VIDYA MANDIR"
Modified,02696,coords,"['19.6919802000', '84.8116092000']","['19.6937800000', '84.8215730000']"
Modified,01757,contact,0884- 2318532,
Modified,01757,address.line3,KAKINADA ROAD,
Modified,01757,address.line2,OPP: RAMALAYAM,"OPP: RAMALAYAM, KAKINADA ROAD"
Modified,04998,name,K.G.F. DASARAHOSAHALLI,K.G.F. HENRYS COLONY
Modified,04998,email,,dasarahosahalli.kgf@bkivv.org
Modified,04998,mobile,8825686730,"8825686730, 9019457210"
Modified,04998,address.line1,"BUILDING NO-6, 11TH MAIN ROAD","H NO: 45, DIVINE LIGHT HOUSE"
Modified,04998,address.line3,DASARA HOSAHALLI,"OORGAUM POST, NEAR BGML"
Modified,04998,address.line2,NEAR HEALTH SUB CENTRE,HENRYS DRIVERS QUARTERS
Modified,04998,coords,"['12.9936280000', '78.2262120000']","['12.9642510000', '78.2557720000']"
Modified,02595,mobile,7619394241,"9900358413, 9035499682"
Modified,03689,contact,08194-267063,
Modified,03689,mobile,"8277432653, 9606304164",8277432653
Modified,03689,address.line1,NEAR CANARA BANK,"H NO: 138, NEAR CANARA BANK"
Modified,03689,address.line2,,BEHIND CENARA BANK ROAD
Modified,01655,contact,"022-26613405, 26616083",
Modified,04713,mobile,"8076763498, 9001000172",9680168398
Modified,04168,email,,sindkhedraja@bkivv.org
Modified,04168,mobile,"6377200035, 7264921520","7014986660, 6377200035"
Modified,04168,address.line1,PLOT NO: N/2/4-ZA001003,PLOT NO: 1
Modified,04168,address.line3,"MEHKAR ROAD, SHINDKHED RAJA",SHINDKHED RAJA
Modified,04168,address.line2,"NEAR L.I.C. OFFICE, WARD NO:1","GAJANAN NAGAR, T-POINT"
Modified,04168,coords,"['19.9559708000', '76.1292018000']","['19.9541310000', '76.1162940000']"
Modified,00875,mobile,"09412853061, 8868049054","9412853061, 7983304288"
Modified,00875,address.line1,"H NO: 30, 'SADBHAWANA BHAWAN'","H NO: 30, SADBHAWANA BHAWAN"
Modified,05177,address.line2,NEAR NILKANTH MANDIR,NILKANTH MANDIR ROAD
Modified,02680,contact,07532- 233063,
Modified,03809,name,NALTI,NALTI (HAMIRPUR)
Modified,03809,mobile,8988339484,"8988339484, 8628894576"
Modified,03809,address.line2,NEAR GOVT. GIRLS HIGH SCHOOL,NEAR SENIOR SECONDARY SCHOOL
Modified,05063,email,,chinyalisaur@bkivv.org
Modified,05063,address.line2,NEAR DEVI MANDIR,"NEAR DEVI MANDIR, LINK ROAD"
Modified,00473,mobile,7904880839,9745607629
Modified,04583,mobile,"9040879580, 8093608742",8093608742
Modified,04438,address.line1,AECL QUARTER NO : 150,AECL QUARTER NO :150
Modified,04438,address.line3,"TAL: BHATGAON, JARHI","SHAKTI NAGAR, WARD NO: 7, TAL: BHATGAON"
Modified,04438,address.line2,"SHAKTI NAGAR, NEAR HANUMAN MANDIR,WARD NO: 7","NEAR HANUMAN MANDIR, BHATGAON MARG"
Modified,04783,mobile,9466557221,"7986519538, 8168831617"
Modified,05220,email,,rudraprayag@bkivv.org
Modified,05220,mobile,"8569822418, 8126960567",8569822418
Modified,05546,address.line2,"BLOCK C, AEROCITY","BLOCK C, AIRPORT ROAD,  AEROCITY"
Modified,01535,contact,01734- 286291,
Modified,02639,contact,02629-220672,
Modified,02639,address.line1,"PLOT NO: 507/2, NEAR B.R.C.BHAWAN",PLOT NO: 507/2
Modified,02639,address.line2,BHILWADA ROAD,"BHILWADA ROAD, NEAR B.R.C.BHAWAN"
Modified,05609,address.line3,"RAMNAGAR MOHALLA, NOORPUR","SEOHARA ROAD, NOORPUR"
Modified,05609,address.line2,OPP: ASHRAF INTER COLLEGE,"OPP: ASHRAF INTER COLLEGE, RAMNAGAR MOHALLA"
Modified,02650,mobile,"9311745325, 8860328640",9311745325
Modified,02650,address.line1,"H NO: 16, HOUSE OF VINOD KUMAR","H NO: C3/102, C-BLOCK"
Modified,02650,address.line3,JANTI ROAD,"KINGSBURY ROAD, KUNDLI"
Modified,02650,address.pincode,131028,131030
Modified,02650,address.line2,"LAKHMI PAIO, OPP: KUNDLI POLICE STATION",TDI KINGSBURY APPARTMENT
Modified,02650,coords,"['28.8637738300', '77.1243143800']","['28.8993470000', '77.1181980000']"
Modified,05474,section,00704,04051
Modified,05112,address.line1,D NO: 1/14,D NO: 1/14-1
Modified,05112,address.line3,NEAR ANDHRA BANK,OPPOSITE UNION BANK
Modified,05112,coords,"['14.3965450000', '79.0275700000']","['14.3962960000', '79.0275610000']"
Modified,03495,contact,022- 28250500,
Modified,00002,mobile,"9425110771, 7999726467","9425110771, 7999663225"
Modified,03242,address.line1,GYAN KASTURI BHAWAN,"S.B.NO: 1177/937/1/5, GYAN KASTURI BHAWAN"
Modified,04415,mobile,"9164040127, 9113092688",9113092688
Modified,04704,mobile,6266813262,8517971422
Modified,04704,address.line1,"H NO: 107, BAGHEL NIVAS",SHIV SHAKTI SAROVAR
Modified,04704,address.line3,BAKHARI ROAD,TAL: SEONI
Modified,04704,address.line2,OPP: HIGH SCHOOL,OPPOSITE POLICE STATION
Modified,04704,coords,"['22.2405600000', '79.5388290000']","['22.2413280000', '79.5413980000']"
Modified,01559,email,,urlanakalan@bkivv.org
Modified,01559,address.line1,"H.NO: 487, 'DIVYA DARSAN DHAM'","H.NO: 487, DIVYA DARSAN DHAM"
Modified,01559,address.line2,NEAR GURDAWARA,"NEAR GURDAWARA, RAM MANDIR ROAD"
Modified,01530,address.line3,,JAGADHRI ROAD
Modified,01530,address.line2,OLD ANAJ MANDI,"NEAR POLICE STATION, OLD ANAJ MANDI"
Modified,05556,email,,tavarekere.blr@bkivv.org
Modified,05556,address.line1,"H NO: 48, WARD NO-1, FRESH LAND MART","H NO: 46, SPG COLONY"
Modified,05556,address.line2,"MAGADI MAIN ROAD, NEAR SBI BANK","MAGADI MAIN ROAD, BEHIND FRESHLAND HYPER MART"
Modified,05556,coords,"['12.9662180000', '77.4017700000']","['12.9660530000', '77.4021380000']"
Modified,01796,address.line1,RAJYOGA SADHNA KENDRA,"H NO: 2137, RAJYOGA SADHNA KENDRA"
Modified,02747,mobile,8544746102,"8544746102, 8894676102"
Modified,02747,address.line1,"H NO: 414, DHARAM KUNJ",BRAHMA KUMARIS
Modified,02747,address.line3,TEH: SHAHPUR,"NEAR SHIV SHANKAR HARDWARE STORE, TEH: SHAHPUR"
Modified,02747,address.line2,"PATHAN KOT ROAD, WARD NO: 2","TIYARA ROAD, WARD NO: 5"
Modified,02747,coords,"['32.1542150000', '76.2694370000']","['32.1569450000', '76.2562370000']"
Modified,03827,section,00758,01527
Modified,01570,name,DUDU,DUDU (JAIPUR)
Modified,01570,email,,dudu@bkivv.org
Modified,01570,mobile,9828557670,"9828557670, 7014986263"
Modified,01570,address.line1,NEAR WATER WORKS,"KHASRA NO:4025, VARDANI BHAWAN"
Modified,01570,address.line2,,"NEAR WATER WORKS, AJMER HAIGH WAY"
Modified,05458,email,,kartarpur@bkivv.org
Modified,05458,address.line1,SHANTI BHWAN,"SHANTI BHAWAN, HOUSE NO: 401"
Modified,00923,contact,07576-220621,
Modified,00923,address.line1,TAPASYADHAM,"KHASRA NO: 105/12, TAPASYADHAM"
Modified,00555,address.line1,"76, SADBHAVANA BHAWAN","PLOT NO: 76, SADBHAVANA BHAWAN"
Modified,02948,address.line2,NEAR MANIKOTH TEMPLE,NEAR MANIKOTH TEMPLE ROAD
Modified,03491,contact,08225- 274511,
Modified,03491,mobile,"8431075228,  8453241863",9480131968
Modified,01227,contact,08394- 224826,
Modified,01227,address.line3,BASAVANNA CANAL ROAD,
Modified,01227,address.line2,"NEAR TOWN POLICE QUARTERS, WARD NO: 4","NEAR TOWN POLICE QUARTERS, WARD NO: 4, BASAVANNA CANAL ROAD"
Modified,03803,address.line3,OPP: NEW GAJANAN MAHARAJ MANDIR,OPP: NEW GAJANAN MAHARAJ MANDIR ROAD
Modified,04463,name,BENGALURU VITTAL NAGAR,BENGALURU KASTURIBA NAGAR
Modified,04463,email,,vittalnagar.blr@bkivv.org
Modified,04463,address.line1,"D.NO: 90/1-5, SRI KAKSHMI RAGUNATHA NILAYA","D.NO: 16/2, ARIF MANZIL"
Modified,04463,address.line3,VITTAL NAGAR NEW LAYOUT,KASTURIBA NAGAR
Modified,04463,address.line2,"2ND MAIN, 9TH CROSS, NEAR AYESHA SCHOOL","3RD CROSS, MYSURU ROAD"
Modified,04463,coords,"['12.9538080000', '77.5540180000']","['12.9545880000', '77.5528960000']"
Modified,03730,mobile,7349349586,"7349349586, 6360606747"
Modified,04716,address.line1,DIVYA JAGDAMBA BHAWAN,"KHASRA NO: 1325, DIVYA JAGDAMBA BHAWAN"
Modified,04716,address.line2,OPP GRAM PANCHAYAT,OPP:GRAM PANCHAYAT
Modified,02692,mobile,"9449919957, 8277048755",8277048755
Modified,02361,contact,080- 25438902,
Modified,02396,contact,0562-2260466,
Modified,05462,address.line1,SRI ANJANEYA PRASANNA BUILDING,"H NO:54, SRI ANJANEYA PRASANNA BUILDING"
Modified,05462,address.line2,"3RD WARD, NEAR MAREMMA TEMPLE","3RD WARD, 2ND CROSS, NEAR MAREMMA TEMPLE, RAILWAY STATION ROAD"
Modified,05423,address.line3,"NEAR MAIN BUS STAND, KELWADA ROAD","NEAR MAIN BUS STAND ROAD, KELWADA"
Modified,00470,contact,08175- 273285,
Modified,00647,contact,022- 26117165,
Modified,02851,address.line1,HOUSE NO: 124/125,"H.NO: 124/125, NEAR PARADISE SCHOOL"
Modified,02851,address.line2,"KHEDI MOHALLA, NEAR PARADISE SCHOOL","KASTURBA MARG, KHEDI MOHALLA"
Modified,04524,mobile,9424042099,"9424042099, 9617665790"
Modified,04524,address.line1,"HOUSE NO: P-2-78, SECTOR -3",HOUSE OF SUBHASH AGARWAL
Modified,04524,address.line3,"BAJAR COLONY, RAMPURA ROAD",RAMPURA ROAD
Modified,04524,address.line2,NEAR POLICE STATION,"NEAR POLICE STATION, SECTOR - 3"
Modified,04524,coords,"['24.6681450000', '75.5916580000']","['24.6683790000', '75.5930670000']"
Modified,01816,mobile,,"9480725218, 9448452142"
Modified,01973,contact,03837- 221444,
Modified,01973,email,,kolasib@bkivv.org
Modified,01973,mobile,9436372731,"6009207358, 9436372731"
Modified,01973,address.line1,H NO: 2210,TRINITI BHAWAN
Modified,01973,address.line3,"TUMPUI VENG, HMAR VENG ROAD","HMARVENG, KOLASIB"
Modified,01973,address.line2,NEAR POST OFFICE,NEAR PRESBYTERIAN CHURCH
Modified,01973,coords,"['24.2361154000', '92.6757123000']","['24.2360800000', '92.6758960000']"
Modified,04397,section,00771,00772
Modified,04847,mobile,7559117271,"9270170306, 7620934994"
Modified,02345,mobile,9617665790,"9617665790, 9424042099"
Modified,02345,address.line1,"H.NO: 212, KRISHNA NIWAS",H.NO: 105
Modified,02345,address.line3,"CINEMA COMPOUND, JHALAWAR ROAD","GAROTH ROAD, BHANPURA"
Modified,02345,address.line2,NEAR OLD BUS STAND,"BRAJDHAM COLONY, NEAR PATIDAR AGRO"
Modified,02345,coords,"['24.5106949000', '75.7468933000']","['24.5088590000', '75.7408750000']"
Modified,01230,contact,08267- 221991,
Modified,01230,name,KADUR,KADUR (CHIKKAMAGALURU)
Modified,01230,address.line3,NEAR CANARA BANK,
Modified,01230,address.line2,BEHIND COURT,"BEHIND COURT, NEAR CANARA BANK"
Modified,02904,address.line2,"BHAGWAN NAKA, JAIBHAI MARATHI SCHOOL RD","BHAGWAN NAKA, JAIBHAI MARATHI SCHOOL ROAD"
Modified,04230,name,UN,UN (SHAMLI)
Modified,04230,address.line3,SHIV PURI MOHALLA,"SHIV PURI MOHALLA, KARNAL ROAD"
Modified,04230,address.city,UN,UN (SHAMLI)
Modified,01784,contact,03825- 262780,
Modified,00574,contact,02589- 223702,
Modified,03805,email,,shelar@bkivv.org
Modified,03805,address.line1,"IST FLOOR, KAMLAKAR COMPLEX","H NO: 590, IST FLOOR, KAMLAKAR COMPLEX"
Modified,03805,address.line2,NEAR SADHANA HOTEL,"NEAR SADHANA HOTEL, WADA ROAD"
Modified,02694,mobile,"9535877043, 8192263994","7760503622, 9110256332"
Modified,02694,address.line2,SHIVA CHIDAMBAR EXTENSION,"SHIVA CHIDAMBAR EXTENSION, 2ND MAIN, 2ND CROSS"
Modified,04062,mobile,"9631078742, 9973127088","9631078742, 8271653466"
Modified,04062,address.line1,HOUSE NO: 256,HOUSE NO: 94
Modified,04062,address.line3,"PURANI DHARAMSALA CHOUK, MOTIPUR",MOTIPUR
Modified,04062,address.line2,"ABOVE JANTA CYCLE STORE, NETAJI ROAD","OM SHANTI CHOWK, HOSPITAL ROAD"
Modified,04062,coords,"['26.2563499000', '85.1660696000']","['26.2560700000', '85.1681200000']"
Modified,05459,address.line2,"NEAR RAMA TEMPLE, CHANNAKOPPALU AREA","NEAR RAMA TEMPLE, CHANNAKOPPALU ROAD"
Modified,03581,mobile,"8368943823, 9818801200, 9650057006","8368943823, 9818801200"
Modified,03859,district_id,2969,5318
Modified,03859,mobile,"8787460755, 7005648045",8787460755
Modified,03859,district,West Tripura,SEPAHIJALA
Modified,03859,address.line1,"H.NO: 110067, HOUSE OF DHANU RANJAN SAHA","H.NO:204, MADHYA LAXMIBILL"
Modified,03859,address.line3,BISHALGARH,"WARD NO:8 , BISHALGARH"
Modified,03859,address.line2,"AMBAGAN ROAD, WARD NO: 11","CENTRAL ROAD, NH8,  NEAR CANARA BANK"
Modified,03859,coords,"['23.6722708000', '91.2836787000']","['23.6809500000', '91.2807830000']"
Modified,04121,contact,02621-212066,
Modified,04121,mobile,9409083480,"9409083480, 9104421116"
Modified,04992,email,,katrabazar@bkivv.org
Modified,04992,mobile,9118235905,"9161295335, 8115236872"
Modified,04992,address.line2,NEAR CHATUR BHUJI GHAT,"NEAR CHATUR BHUJI GHAT, DALAL TOLA"
Modified,03018,name,RANI,RANI (RAJ)
Modified,03018,mobile,"7976165780, 9983614024, 9337211969",7976165780
Modified,03018,address.city,RANI,RANI (RAJ)
Modified,05142,name,GUWAHATI  BRAHMAPUTRA SAROVAR,GUWAHATI BRAHMAPUTRA SAROVAR
Modified,05142,address.line1,BRAHMAPUTRA SAROVAR RETREAT CENTRE,"DAG NO: 35/17, , BRAHMAPUTRA SAROVAR RETREAT CENTRE"
Modified,05142,address.line3,FULUNG DEKABARI,"NORTH GUWAHATI STREET, FULUNG DEKABARI"
Modified,05142,address.line2,"DAG NO: 35/17, NORTH GUWAHATI STREET",NEAR ASSAM CRICKET ASSOCIATION OFFICE
Modified,05142,address.city,GUWAHATI ,GUWAHATI
Modified,04144,mobile,"9774418441, 8787748601",9774418441
Modified,04144,address.line1,"H NO: 25, AMLAPARA",GYAN PRAKASH BHAWAN
Modified,04144,address.line3,PARA ROAD,BELONIA
Modified,04144,address.line2,NEAR DISTRICT COURT,"RAMTHAKUR PARA, 1 NO TILLA"
Modified,04144,coords,"['23.2482660000', '91.4494800000']","['23.2530680000', '91.4558510000']"
Modified,04805,mobile,9482854395,"9482854395, 8431406446"
Modified,04805,address.line3,NEAR COURT,
Modified,04805,address.line2,SHARADA GALLI,"SHARADA GALLI, NEAR COURT"
Modified,04935,address.line3,,CIVIL HOSPITAL ROAD
Modified,04935,address.line2,CIVIL HOSPITAL ROAD,NEAR GURU NANAK DEV UNIVERSITY
Modified,04060,email,,nawada@bkivv.org
Modified,04060,mobile,"9065642788, 7979709362","9065642788, 9523509481"
Modified,04060,address.line1,"H NO: 008-0400, 4TH FLOOR, NEW AREA","H NO: 166 , 3RD FLOOR"
Modified,04060,address.line3,SOUTH WEST CORNER OF RMW COLLAGE,SOUTH WEST CORNER OF NAVEEN NAGAR
Modified,04060,address.line2,"BH. MAHA MAYA MARRIAGE HALL, VIJAY BAZAR RD",OPP HARISH CHANDRA STADIUM GATE NO 1
Modified,04060,coords,"['24.8867630000', '85.5399620000']","['24.8912520000', '85.5443920000']"
Modified,01223,contact,08192-240464,
Modified,01223,address.line1,'SHIVA PARAMJYOTI',"'SHIVA PARAMJYOTI', H NO:1059"
Modified,04927,name,GANDHINAGAR SARGASAN,GANDHINAGAR SARGASAN TILAK ARISE
Modified,04927,address.line1,"H NO: 104, TILAK ARISE FLATS","SARSWATI BHAWAN, H NO: 104, TILAK ARISE FLATS"
Modified,04927,address.line2,"NEAR VIHAN NIRVANA FLAT, SHREEJI ROAD","NEAR VIHAN NIRVANA FLAT, SWAGAT FLAMINGO ROAD"
Modified,00989,contact,0674- 2468044,
Modified,00989,mobile,"8093608742, 9238569608",8144497107
Modified,05301,address.line3,"JAIN COLONY, AMRAPALI SOCIETY, WARD NO-53","JAIN COLONY, AMRAPALI SOCIETY, WARD NO-53, DHAMTARI ROAD"
Modified,01835,contact,08378- 255444,
Modified,01835,mobile,"8088645854, 8431997976",8808864585
Modified,01835,address.line1,"D NO: 1286/1, WARD NO: 7","D NO: 308/4, PLOT NO: 30"
Modified,01835,address.line3,NEAR MARUTI TEMPLE,SHIGGAON
Modified,01835,address.line2,JOLADA PETE ROAD,NAGANUR LAKE ROAD
Modified,01835,coords,"['14.9927600000', '75.2256254000']","['14.9868330000', '75.2175280000']"
Modified,00723,address.line1,'OM SHANTI BHAWAN',OM SHANTI BHAWAN
Modified,05276,mobile,"9897274595, 8954324391","9897274595, 9412416250"
Modified,05276,address.line1,SOLANKI HOUSE,PRABHU SANGAM
Modified,05276,address.line2,"NEAR PREM VATIKA, AGRA JAGNER ROAD","PREM NAGAR, OPP: PETROL PUMP"
Modified,05276,coords,"['27.0280490000', '77.8538460000']","['27.0261690000', '77.8504620000']"
Modified,00791,email,,srinagar@bkivv.org
Modified,00823,contact,07423-220676,
Modified,00023,contact,07562-222044,
Modified,00016,name,MORENA,MORENA JIWAJIGANJ
Modified,00016,mobile,"9425109466,7024129270","9425109466, 7024129270"
Modified,01513,contact,0184- 2383396,
Modified,00434,address.line2,NEAR DURGA DEVI TEMPLE,DURGA DEVI TEMPLE ROAD
Modified,03226,address.line1,JAYMAL SINGH COLONY,KHASRA NO: 358/3
Modified,03226,address.line3,,JAYMAL SINGH COLONY
Modified,03226,address.line2,NEAR RAILWAY STATION,RAILWAY STATION ROAD
Modified,00507,address.line1,GYAN DEEPA BHAWAN,"GYAN DEEPA BHAWAN, H NO: 11/337A"
Modified,02366,address.line1,NEAR V.M. GUEST HOUSE,"BLOCK-G, CITY SURVEY NO: 66"
Modified,02366,address.line2,,NEAR V.M. GUEST HOUSE
Modified,01215,contact,08195-224341,
Modified,01215,mobile,"8861154277, 9449266185",9449266185
Modified,04350,address.line1,BRAHMA KUMARIS,K.NO: 51/40/2
Modified,04350,address.line2,"COLLEGE ROAD, NEAR DASHAHARA GROUND","NEAR DASHAHARA GROUND, COLLEGE ROAD"
Modified,02302,contact,0343-2574828,
Modified,03719,mobile,"8249216831, 7377990203","8249216831, 8249013594"
Modified,05422,address.line1,CRPF GROUP CENTRE ROAD,"CRPF GROUP CENTRE ROAD, K NO: 14"
Modified,00051,mobile,9650193000,"9650193000, 9899321303"
Modified,04389,contact,08194- 225185,
Modified,04389,address.line3,"VIA: D.S.HALLI, NEAR POST OFFICE",VIA: D.S.HALLI
Modified,04389,address.line2,SHIVA SANKALPA NILAYA,"SHIVA SANKALPA NILAYA, NEAR POST OFFICE ROAD"
Modified,05194,section,02826,01251
Modified,00147,address.line1,"E II/9, P.C. ROAD","QUARTER NO: E II/9, P.C. ROAD"
Modified,00825,address.line1,NEW HOUSING BOARD,"LAND ALLOTMENT NO: D.H.C/J.D.C/E.M/98+99/6791, NEW HOUSING BOARD"
Modified,01836,contact,08538- 270399,
Modified,03617,mobile,9701648430,"9701648430, 9505554449"
Modified,00635,name,MUMBAI GOREGAON (WEST),MUMBAI GOREGAON (WEST) M.G. ROAD
Modified,00635,email,goregaon.mum@bkivv.org,goregaonwest.mum@bkivv.org
Modified,00635,address.line1,"63, 'AASHRAY', L.T. ROAD NO:4","PLOT NO:63, AASHRAY, L.T. ROAD NO:4"
Modified,00635,address.line2,M.G. ROAD,"NEAR TIWARI HOSPITAL, M.G. ROAD"
Modified,01824,mobile,"9916438735, 8495252215",9916438735
Modified,01824,address.line3,,BHAGYAJYOTHI NAGAR
Modified,01824,address.line2,BHAGYAJYOTHI NAGAR,"BEHIND BHAGYALAKSHMI TALKIS, NEAR POST OFFICE"
Modified,02617,address.line1,"TULJA SERENITY GREENS, G - WING","SERVEY NO: 172/6, 172/7, 172/8, TULJA SERENITY GREENS, G - WING"
Modified,02617,address.line3,"VASIND , TAL: SHAHAPUR","VASIND, OLD AGRA ROAD, TAL: SHAHAPUR"
Modified,02404,mobile,"9693630081, 8789218286","8789218286, 9523509481"
Modified,00456,contact,08174- 232708,
Modified,00456,mobile,9036504545,9945654262
Modified,00456,address.line1,SHIVA DARSHAN BHAWAN,"SHIVA DARSHAN BHAWAN, H NO: 17/18"
Modified,03192,contact,8923641681,
Modified,03192,mobile,"9528167263, 8534913138","9528167263, 8923641681"
Modified,03192,address.line3,SHASTRIPURAM ROAD,"RADHIKA VIHAR ROAD, SHASTRIPURAM"
Modified,03192,address.line2,"SHRIRAM VATIKA COLONY, GOGAI, NEAR PASCHIMPURI","SHRIRAM VATIKA COLONY, GOGAI, NEAR PASCHIMPURI CHAURAHA"
Modified,04726,address.line3,TAL: HUJUR,"TAL: HUJUR, LAHARPUR ROAD"
Modified,00715,mobile,"8168394182, 7015422765","8168394182, 9466466166"
Modified,02970,contact,080-64543688,
Modified,03778,address.line1,DIVYA ANUBHUTI BHAWAN,"DIVYA ANUBHUTI BHAWAN, PLOT NO: 418/1355"
Modified,04120,name,KESLI,KESLI (SAGAR)
Modified,04120,address.line1,SWADARSHAN BHAVAN,"KHASRA NO: 54/1, SWADARSHAN BHAVAN"
Modified,04120,address.city,KESLI,KESLI (SAGAR)
Modified,05442,address.line2,BESIDE AMBEDKAR BHAWAN,"BESIDE AMBEDKAR BHAWAN, NETAJI NAGAR ROAD"
Modified,00928,contact,0562-2213310,
Modified,02649,name,NOIDA SECTOR 33,NOIDA SECTOR 71 BLOCK C
Modified,02649,mobile,"9999183180, 9650692084","9650692084, 9999183180"
Modified,02649,address.line1,"C-95, GROUND & 1ST FLOOR","SHIV ANUBHUTI BHAWAN, KO-06 GROUND & 1ST FLOOR"
Modified,02649,address.line3,SECTOR-33,
Modified,02649,address.line2,BLOCK-C,"BLOCK-C, SECTOR-71"
Modified,02649,coords,"['28.5892560000', '77.3587810000']","['28.5977330000', '77.3771930000']"
Modified,05544,address.line2,NEAR MILK DAIRY,NEAR MILK DAIRY ROAD
Modified,05512,mobile,"9457270938, 9084278773","9457270938, 9457270938"
Modified,05512,address.line1,"H NO: 245, C/O: RAJENDRA SINGH YADAV",TOWER WALA BUILDING
Modified,05512,address.line3,NEAR SHIV MANDIR,RAMNAGAR
Modified,05512,address.line2,CHOUDI WALI GALI,OPP: CHANDRAWATI MARRIAGE HOME WALI GALI
Modified,05512,coords,"['27.1427280000', '78.3919630000']","['27.1393720000', '78.3917030000']"
Modified,04940,address.line1,MAKHIJA NIWAS,"H.NO: 769, H/O KESHAV JATANA"
Modified,04940,address.line3,"WARD NO: 11, CHAWLA COLONY","WARD NO 11, CHAWLA COLONY"
Modified,04940,address.line2,SHRI MAHAVIR ADARSH HIGH SCHOOL ROAD,"NEAR MAHAVIR MANDIR, SANOLI ROAD"
Modified,04940,coords,"['29.3929010000', '76.9848610000']","['29.3926740000', '76.9839130000']"
Modified,02482,address.line1,SHANTI SAROVAR,"H.NO: 776/4485, SHANTI SAROVAR"
Modified,04884,name,JOYA,JOYA (AMROHA)
Modified,01769,address.line3,BHABHA MARG,PO: CHANDER NAGAR
Modified,01769,address.line2,PO: CHANDER NAGAR,"BHABHA MARG, NEAR WATER TANK"
Modified,00633,contact,022-35569606,
Modified,02852,name,NAGAL,NAGAL (SAHARANPUR)
Modified,04290,mobile,"6264297606, 9098541676",6264297606
Modified,04290,address.line1,"H.NO: 50, BISEN NIVAS",OM SHANTI BHAWAN
Modified,04290,address.line3,SEONI BARGHAT ROAD,REST HOUSE ROAD
Modified,04290,address.line2,"NEAR BLOCK OFFICE, WARD NO:2","NEAR GIRLS SCHOOL, WARD NO:3"
Modified,04290,coords,"['22.0327370000', '79.7269100000']","['22.0289470000', '79.7344830000']"
Modified,01815,contact,0836-2222121,
Modified,01815,mobile,8762105184,"8762105184, 8861608154"
Modified,01815,address.line2,MARKET CIRCLE,"MARKET CIRCLE, WARD NO-22B"
Modified,05109,mobile,"6009926712, 9612601063","6009926712, 8787460755"
Modified,02228,name,DHARWAD MALAPRABHA NAGAR,DHARWAD SHIRDI NAGAR
Modified,02228,mobile,"9483855655, 8277621983",9483855655
Modified,02228,address.line1,"H NO: 52, LAXMI NIWAS, 1ST FLOOR","H NO: 89, SHIRDI NAGAR"
Modified,02228,address.line3,MALAPRABHA NAGAR,
Modified,02228,address.pincode,580008,580007
Modified,02228,address.line2,BELAGAVI ROAD,NEAR SAI ITI COLLEGE
Modified,02228,coords,"['15.4715616000', '74.9897075000']","['15.4831610000', '74.9731840000']"
Modified,02332,contact,0172-2542639,
Modified,02332,address.line1,"278, SECTOR 15-A","H.NO: 278, GLOBAL PEACE HOUSE"
Modified,02332,address.line3,,SECTOR 15-A
Modified,02332,address.line2,'GLOBAL PEACE HOUSE',BEHIND DAV SCHOOL
Modified,04644,name,NAGOD,NAGOD (SATNA)
Modified,04644,mobile,8349795171,"8349795171, 9399325463"
Modified,04644,address.city,NAGOD,NAGOD (SATNA)
Modified,04465,name,SUNNI,SUNNI (HP)
Modified,04465,mobile,"8219522458,  9817167370",8219330327
Modified,04465,address.city,SUNNI,SUNNI (HP)
Modified,04467,address.line1,PRABHU UPHAR,"H.NO: 802, PRABHU UPHAR"
Modified,04283,mobile,"9439682492, 8480222218",9439682492
Modified,04283,address.line1,"PLOT NO: 662, HOUSE OF JAYAKRISHNA","SHIVA SMRUTI BHAWAN, PLOT NO: 294/4018"
Modified,04283,address.line3,"NUA SAHI, JAGRIWADA","WARD NO:14, NUA SAHI"
Modified,04283,address.line2,NAYAGARH-KHURDA ROAD,NEAR BHARAT GAS OFFICE ROAD
Modified,04283,coords,"['20.2019290000', '85.4504410000']","['20.1968620000', '85.4482920000']"
Modified,03431,address.line1,"SHIV SHAKTI BHAWAN, WARD NO 3","H.NO: 1186, SHIV SHAKTI BHAWAN"
Modified,03431,address.line3,NEAR YESU BHAWAN,"W.NO 3, TIKAMGARH ROAD"
Modified,03431,address.line2,"VIRANJAN CITY, TIKAMGARH ROAD","NEAR YESU BHAWAN, VIRANJAN CITY"
Modified,03481,contact,,01698-297117
Modified,03481,email,,harnikhurd@bkivv.org
Modified,03603,mobile,"9977840782, 8433671919","8433671919, 9977840782"
Modified,03603,address.line1,H/O: PANDURANG MAHAJAN,"PLOT NO 28,29 SHIV SMRUTI BHAWAN"
Modified,03603,address.line3,MAIN ROAD,SHAHPUR
Modified,03603,address.line2,"NEAR BUS STAND, TANAJI WARD NO:11","VIJAY SAI NAGAR, WARD NO 1"
Modified,03603,coords,"['21.2385740600', '76.2235949600']","['21.2443810000', '76.2251310000']"
Modified,05066,email,,gopeshwar@bkivv.org
Modified,05066,mobile,8445414008,8077685745
Modified,02741,mobile,"7455893437, 9416583928","7017850341, 9416583928"
Modified,01177,email,,gudibanda.cbp@bkivv.org
Modified,01177,mobile,7014985875,8147280417
Modified,01177,address.line1,NEAR GOVT. HOSPITAL,"H.NO: 295, HOUSE OF NAGARAJ"
Modified,01177,address.line3,,GUDIBANDA
Modified,01177,address.line2,HOUSING BOARD COLONY,"SOPINA PET, WARD NO: 2"
Modified,01177,coords,"['13.6730242000', '77.7078029000']","['13.6719120000', '77.7060810000']"
Modified,00455,name,ALUVA,ALUVA (ERNAKULAM)
Modified,02430,contact,07412-263835,
Modified,01201,address.line2,BASAVESHWARA NAGAR,"BASAVESHWARA NAGAR, 1ST MAIN ROAD"
Modified,01814,address.line1,"LIG: 133/A, OPP: GANDHI STATUE","LIG: 133/A, OM SHANTI BHAWAN, OPP: GANDHI STATUE"
Modified,01814,address.line3,GANDHI NAGAR EXTENSION,
Modified,01814,address.line2,GOKUL ROAD,"GOKUL ROAD, GANDHI NAGAR EXTENSION"
Modified,02001,section,00038,02001
Modified,05108,mobile,"8258894462, 7005888234","8258894462, 8837300593"
Modified,00652,contact,02132- 242103,
Modified,00652,mobile,9960065764,7038838397
Modified,01766,contact,0562-2278403,
Modified,01766,mobile,"9528191499, 7583897250, 8534913138","9528191499, 7983897250"
Modified,01661,contact,07663- 286386,
Modified,00469,contact,08228-255348,
Modified,01244,name,MASKI,MASKI (RAICHUR)
Modified,01244,mobile,"8618213092, 8296412382",8296412382
Modified,01244,address.line1,7/4-3-39/2B,H NO: 7/4-3-39/2B
Modified,04753,section,00477,00466
Modified,04630,name,ADYAL,ADYAL (BHANDARA)
Modified,04630,address.city,ADYAL,ADYAL (BHANDARA)
Modified,02252,address.line1,"H.NO: 1617, JIN BAZAR",H.NO: 1617
Modified,02252,address.line2,,"JIN BAZAR NETRANG, VALIA ROAD"
Modified,02638,email,,parvat.srt@bkivv.org
Modified,02638,address.line1,"H.NO: 48, 49, ""GYANSURYA""","H.NO: 48, 49, GYANSURYA"
Modified,01920,address.line3,MAIN BAZAR,MAIN BAZAR GALLI
Modified,03003,mobile,"6261870630, 7898178107, 8839792848",6261970639
Modified,04931,address.line2,NEAR BOYS SCHOOL,"NEAR BOYS SCHOOL, MAIN GALI"
Modified,00493,contact,0821- 2461806,
Modified,00493,address.line1,"D NO: 20, BLOCK NO: 22","D NO: 20, BLOCK NO: 22, ANAND  BHAWAN"
Modified,00493,address.line3,"MAIN ROAD, SRIRAMPURA",SRIRAMPURA
Modified,00493,address.line2,"MADHUVANA LAYOUT, 2ND STAGE","MADHUVANA LAYOUT, 2ND STAGE, MAIN ROAD"
Modified,00185,mobile,"9438717802, 8018926978","9438717802, 7978170731"
Modified,00185,address.line3,EM BLOCK ROAD,
Modified,00185,address.line2,"OPP. EM/52, BASANTI COLONY","OPP. EM/52, BASANTI COLONY, EM BLOCK ROAD"
Modified,05004,section,02100,00868
Modified,05503,address.line1,DIVYA SHAKTI BHAWAN,"K.NO: 58/1/2, DIVYA SHAKTI BHAWAN"
Modified,05503,address.line2,GHONGDA ROAD ,GHONGDA ROAD
Modified,00641,mobile,9920847640,"9920847640, 8169487820"
Modified,03591,name,NADOL,NADOL (PALI)
Modified,03591,email,,nadol@bkivv.org
Modified,03591,address.line1,"SHIV DARSHAN BHAWAN, HOUSE NO: 76","SHIV DARSHAN BHAWAN, PLOT NO: 76 AND 76A"
Modified,00782,contact,0132-2723185,
Modified,00782,address.line1,'SUKH SHANTI DHAM',SUKH SHANTI DHAM
Modified,01826,contact,08377-261550,
Modified,03691,section,02216,00429
Modified,03691,district,ANANTAPUR,ANANTAPURAMU
Modified,04129,contact,08223-283635,
Modified,04129,address.line3,"CANAL STREET, TAL: K.R.NAGAR",TAL: K.R.NAGAR
Modified,04129,address.line2,NEAR KARNATAKA BANK LTD,"NEAR KARNATAKA BANK LTD, CANAL STREET"
Modified,01555,contact,01764- 223570,
Modified,01555,email,,samana@bkivv.org
Modified,01555,mobile,9780257001,"9780257001, 9988838373"
Modified,01822,address.line3,"SHIVAJI NAGAR, KILLA",SHIVAJI NAGAR
Modified,01822,address.line2,BEHIND SHAMBHULINGESWAR TEMPLE,"BEHIND SHAMBHULINGESWAR TEMPLE, KILLA ROAD"
Modified,02538,address.line1,"FLAT NO: 57, DWARKADHEESH APARTMENT,","FLAT NO: 57, DWARKADHEESH APARTMENT"
Modified,00484,contact,08232- 220725,
Modified,05154,name,SHEIKHPURA MAHADEV NAGAR,SHEIKHPURA BUDHAULI CHOWK
Modified,05154,mobile,9708131264,"9708131264, 9523509481"
Modified,05154,address.line1,HOLDING NO: 365,"H NO: 172, NEAR ANANDESWAR DHAM"
Modified,05154,address.line3,"GOLDEN CHOCK, MAHADEV NAGAR",WARD NO-11
Modified,05154,address.line2,NEAR MADHYA BIHAR GRAMIN BANK,"BUDHAULI CHOWK, OPP FULBARI GALLI"
Modified,05154,coords,"['25.1417540000', '85.8640630000']","['25.1415510000', '85.8590410000']"
Modified,01523,address.line1,H NO: 186,"H NO: 186, SUKH SHANTI BHAWAN"
Modified,01523,address.line3,"BACKSIDE OF DOUBLE ROAD, MODEL TOWN",MODEL TOWN
Modified,01523,address.line2,SUKH SHANTI BHAWAN,BACKSIDE OF DOUBLE ROAD
Modified,00765,name,MOHALI,MOHALI PHASE 7
Modified,01493,email,assandh@bkivv.org,geetacolony.asd@bkivv.org
Modified,01493,mobile,"9416657418, 9416317961",9416317961
Modified,01493,address.line1,"H.NO:391, 'SHIV DHARSHAN BHAWAN'","H.NO:391, SHIV DHARSHAN BHAWAN"
Modified,03728,address.line1,"H.NO: 250, HOUSE OF SHIVDAS SHINDE",H.NO: 1163
Modified,03728,address.line2,PURNA ROAD,CHHATRAPATI SHIVAJI CHOWK
Modified,03728,coords,"['19.2978410400', '76.9554962300']","['19.2970480000', '76.9502420000']"
Modified,01840,section,01840,00439
Modified,05016,email,,kaladhungi@bkivv.org
Modified,05016,address.line2,WARD NO: 01,"WARD NO: 01, HALDWANI ROAD"
Modified,00601,email,jalgaon@bkivv.org,dhakecolony.jlg@bkivv.org
Modified,01583,contact,02990-232555,
Modified,01583,mobile,9414842860,9928086939
Modified,02811,mobile,"9315518000,9255578994",9315518000
Modified,00298,address.line1,"105-106, UJJAWAL PALACE CO-OP. HA. SO. LTD","H.NO: 19, SHIV VARDAN, GOLDEN ACERS SOCIETY"
Modified,00298,address.line3,,UMARGAON
Modified,00298,address.line2,"UMARGAON TOWN, SEA BEACH ROAD","SHREENATHJI TOWER LANE, DAMRU WADI"
Modified,00298,coords,"['20.1939745000', '72.7492095000']","['20.1805600000', '72.7625200000']"
Modified,01233,address.line2,BEHIND S.B.H,"BEHIND STATE BANK OF HYDERABAD, R.G. ROAD"
Modified,00568,contact,02582-222949,
Modified,00568,address.line1,"HOUSE NO: 3984, PLOT NO: 3","HOUSE NO: 3984, PLOT NO: 3, RAJA YOGA BHAVAN"
Modified,00568,address.line3,YAWAL ROAD,
Modified,00568,address.line2,RAJA YOGA BHAVAN,"NEAR D.S GROUND, YAWAL ROAD"
Modified,02518,mobile,9448984153,"9448984153, 7019972826, 6360509498"
Modified,02518,address.line1,TAGGIN MANI ONI,"TEGGIN MANI ROAD, PLOT NO: 2386"
Modified,02518,address.line2,NEAR DODDA SOCIETY,"NEAR DODDA SOCIETY, WARD NO-12"
Modified,02163,coords,"['28.7048808500', '77.2084482100']","['28.7047970000', '77.2086550000']"
Modified,01527,name,LADWA,LADWA (HAR)
Modified,01527,section,00758,01527
Modified,01527,address.city,LADWA,LADWA (HAR)
Modified,02616,contact,022- 28323911,
Modified,02218,section,00439,01221
Modified,02028,address.line2,NEAR BUS STAND,"COOL ROAD, GATE NO: 3, NEAR BUS STAND"
Modified,03611,address.line1,NO: 1569,HOUSE NO: 1569
Modified,05486,address.line2,NEAR SHIVA TEMPLE,NEAR SHIVA TEMPLE ROAD
Modified,00964,mobile,"9891613160, 9650692175","9650692175, 9650692282"
Modified,04272,mobile,9729099425,"9729099425, 7988110472"
Modified,04272,address.line1,"H.NO: 201, SOHIL NIWAS","SUKH SHANTI BHAWAN, KHATAUNI NO: 1142"
Modified,04272,address.line3,OPP: SHIV MANDIR,BEHOLI
Modified,04272,address.line2,MAIN PASINA KALAN ROAD,"SHIMLA GUJRAN ROAD, NEAR SHIV MANDIR"
Modified,04272,coords,"['29.2886930000', '77.0462450000']","['29.2898269000', '77.0458061000']"
Modified,01539,contact,01636-254274,
Modified,05448,name,JOURA,JOURA (MORENA)
Modified,00312,address.line1,"PLOT NO: 9/1, 'NAV VISHWA BHAWAN'","PLOT NO: 9/1, NAV VISHWA BHAWAN"
Modified,00312,address.line3,,CHOPRA PARA
Modified,00312,address.line2,CHOPRA PARA,TIMBER BHAWAN MARG
Modified,01284,contact,080-26793787,
Modified,01284,mobile,9900479438,7483346602
Modified,02861,mobile,"9609245851, 7014986545",9609245851
Modified,02861,address.line1,"NO: 147, KUSHPATA",SHANTI SUDHA BHAWAN
Modified,02861,address.line3,AT- VIVEKANANDA PALLY,"KRISHNA NAGAR, GHATAL"
Modified,02861,address.line2,KHIRPAI ROAD,"NEAR GHATAL CENTRAL BUS STAND, WARD NO-3"
Modified,02861,coords,"['22.6660168000', '87.7353866000']","['22.6599940000', '87.7304120000']"
Modified,05186,section,00439,01228
Modified,05065,email,,newtehri@bkivv.org
Modified,02630,address.line1,H NO: 47,"H NO: 47, PANCHAYATI TAKUR DWARA, 3RD FLOOR"
Modified,02630,address.line3,GUJJARWDA MOHALLA,"GUJJARWDA MOHALLA, SAHARANPUR ROAD"
Modified,02630,address.line2,PANCHAYATI TAKUR DWARA,"ABOVE EYE HOSPITAL, NEAR JAIN COLLEGE"
Modified,04660,mobile,"9456472400,  9897274595","9456472400, 9897274595"
Modified,04660,address.line1,"H.NO: 10, RATAN ESTATE, NEHRU ENCLAVE","31/RD/P-5,6   PRABHU SANGAM"
Modified,04660,address.line2,NEAR JOHN MILTON PUBLIC SCHOOL,"RADHE RADHE COLONY, NEHRU ENCLAVE"
Modified,04660,coords,"['27.1440180000', '78.0490130000']","['27.1441410000', '78.0493940000']"
Modified,01659,name,BABAI,BABAI (HOSHANGABAD)
Modified,01659,mobile,"7869561884, 9425692561","7869561884, 9425622795"
Modified,01659,address.city,BABAI,BABAI (HOSHANGABAD)
Modified,00429,mobile,9481953655,"8217606371, 9481051639"
Modified,00429,address.line1,H NO: 1222/5,"H NO: 357/10A, SHUBHADINA"
Modified,00429,address.line3,KAKARMATH,ANKOLA
Modified,00429,address.line2,"AMBARKODLA ROAD, NEAR NARASIMHA SUPER MARKET",HONNEKERI 1ST CROSS
Modified,00429,coords,"['14.6632930000', '74.3052460000']","['14.6622820000', '74.2986820000']"
Modified,02985,mobile,8435940512,"8109146959, 8989542007"
Modified,02985,address.line3,"BHIND ROAD, DEEN DAYAL NAGAR",DEEN DAYAL NAGAR
Modified,02985,address.line2,"NEAR WATER TANK, SECTOR-D","NEAR WATER TANK, SECTOR-D, BHIND ROAD, GALLI NO-5"
Modified,04159,name,SONEPAT RETREAT CENTRE,SONIPAT RETREAT CENTRE
Modified,04159,address.city,SONEPAT,SONIPAT
Modified,04025,address.line2,NEAR LANKELAPALEM FLYOVER,"NEAR LANKELAPALEM FLYOVER, RAMANUJA CLINIC ROAD"
Modified,03922,name,MAKSI,MAKSI (MP)
Modified,03922,address.line2,NEAR RAM MANDIR,"PATIPAR MOHALLA, NEAR RAM MANDIR"
Modified,03922,address.city,MAKSI,MAKSI (MP)
Modified,04178,mobile,"8018056682, 9438717802","8018056682, 8328964845"
Modified,03557,name,PANIPAT SHIVNAGAR,PANIPAT SHIV NAGAR
Modified,03557,mobile,"8398054723, 9896651574, 8168824418","9896651574, 8168824418"
Modified,02105,mobile,9535209286,"7760914929, 9343268418"
Modified,00020,contact,07662- 255535,
Modified,00772,contact,0180-2696000,
Modified,00772,address.line1,"H NO: 2021, SHANTI KUTEER","H.NO: 2021, SHANTI KUTEER"
Modified,01561,name,AJMER VAISHALI NAGAR,AJMER FOY SAGAR ROAD
Modified,01561,address.line1,"H NO: 193, GALLI NO:2","PLOT NO 16,17,  RAJYOG BHAWAN"
Modified,01561,address.line3,"PARSHWANATH COLONY, VAISHALI NAGAR",
Modified,01561,address.pincode,305001,305004
Modified,01561,address.line2,NEAR BHARGAV SONOGRAPHY,"GANESH VIHAR COLONY, FOY SAGAR ROAD"
Modified,01561,coords,"['26.4879888000', '74.6333479000']","['26.4610230000', '74.6056530000']"
Modified,03763,section,00474,00460
Modified,03763,address.line3,TAL: KOYILANDY,"KAIRALI ROAD, TAL: KOYILANDY"
Modified,01711,contact,08371-262389,
Modified,04508,district_id,2313,7816
Modified,04508,name,MOHLA,MOHLA BHOSTOLA ROAD
Modified,04508,district,Rajnandgaon,Mohla Manpur
Modified,04508,address.line1,"H NO: 51, FAVVARA CHOWK","H NO: 52, SHIVDARSHAN BHAWAN"
Modified,04508,address.line3,MOHLA-MANPUR ROAD,
Modified,04508,address.line2,OPP: CG STATE GRAMIN BANK,"BHOSTOLA ROAD, WARD NO:01"
Modified,04508,coords,"['20.5827250000', '80.7450120000']","['20.5845020000', '80.7413580000']"
Modified,02685,address.line2,"KARUTHA GATE, PALLIKARA, WARD NO: 17","KARUTHA GATE, PALLIKARA, WARD NO: 17, KARTAGATE ROAD"
Modified,01564,contact,02938-223144,
Modified,01564,name,BALI,BALI (RAJ)
Modified,01564,address.city,BALI,BALI (RAJ)
Modified,05304,address.line3,NEAR SARASWARI SHISHU MANDIR,DUSSEHRA MAIDAN ROAD
Modified,05304,address.line2,SG-STADIUM,"SG-STADIUM, NEAR SARASWARI SHISHU MANDIR"
Modified,05119,mobile,7005888234,"7005888234, 6009926712"
Modified,05119,address.line1,"OM NIWAS, 3RD FLOOR","H.NO: 324847, OM NIWAS, 3RD FLOOR"
Modified,02846,contact,080- 23287851,
Modified,01226,mobile,8762436234,"6366186244, 8762436234"
Modified,01226,address.line3,,B.V. NAGASHETTY EXTENSION
Modified,01226,address.line2,B.V. NAGASHETTY EXTENSION,BEHIND MARUTHI NURSING HOME
Modified,03432,address.line1,"PRABHU PASAND, KUMMODPURA ROAD","H.NO: 399, KHASRA NO: 1705, PRABHU PASAND"
Modified,03432,address.line2,NEAR GANJ TIGADDA,"NEAR GANJ TIGADDA, KUMMODPURA ROAD"
Modified,04303,mobile,"9248782500,  9848584873","9248782500, 8309553085"
Modified,05008,mobile,"9664212495, 9587593059",9664212495
Modified,02753,mobile,"9483022185, 9483855655",9483022185
Modified,05300,email,,bonaigarh@bkivv.org
Modified,05300,address.line1,PLOT NO: 896/3108,PLOT NO: 1272/2726
Modified,05300,address.line3,"MELAPADIA, RATH CHAKKI",BONAIGARH
Modified,05300,address.line2,NEAR BAJAJ SHOW ROOM,"MAIN ROAD, RATHA CHOWK"
Modified,05300,coords,"['21.8168090000', '84.9597220000']","['21.8160800000', '84.9600000000']"
Modified,03606,mobile,7697793808,9340204010
Modified,01937,mobile,8150924213,"8150924213, 8618163651"
Modified,03804,mobile,"9503534350, 8169726049",9503534350
Modified,04229,mobile,"9027570174,9456025652",9027570174
Modified,04229,address.line1,"H NO: 69, HOUSE OF SUNIL BHATTE","NEAR BALAJI HOSPITAL, CHARTHAWAL BUS STAND"
Modified,04229,address.line3,"BUSSTAND ROAD, AGRAWAL COLONY",THANA BHAWAN
Modified,04229,address.line2,NEAR SANATAN DHARM JUNIOR HIGH SCHOOL,SARASWATI VIHAR COLONY
Modified,04229,coords,"['29.5859560000', '77.4203810000']","['29.5905790000', '77.4228090000']"
Modified,00698,address.line2,"NEAR ADARSH VIDYLAYA, ORIDNANCE FACTORY ROAD","NEAR ADARSH VIDYLAYA, ORDINANCE FACTORY ROAD"
Modified,04304,section,00704,04304
Modified,04304,mobile,"8885100008,  888510004","9000250102, 8309553085"
Modified,04304,address.line1,D NO: 1-154,"D NO: 1-154, SAHAYOGI BHAWAN"
Modified,04304,address.line2,NEAR BUS STOP,"NEAR COLD STORAGE, CHINNI PETA HIGH SCHOOL ROAD"
Modified,02656,email,,mandavganpharata@bkivv.org
Modified,02656,mobile,8975298391,"8975298391, 9552145208"
Modified,02656,address.line1,"S.NO: 0231/1, GUNAI SMRUTI BUILDING",SHIV SMARAN BHAWAN
Modified,02656,address.line3,TEH: SHIRUR,"OPP: MORYA MOTORS, NAGARGAON ROAD, TEH: SHIRUR"
Modified,02656,address.line2,KASHTI ROAD,"BRAHMA KUMARIS CORNER, RAVSAHEB BAPUNAGAR"
Modified,02656,coords,"['18.5452752000', '74.4879560000']","['18.5467660000', '74.4820740000']"
Modified,00465,contact,08274- 341698,
Modified,00465,address.line3,"BYPASS ROAD, TAL: VIRAJPET",TAL: VIRAJPET
Modified,00465,address.line2,"VENKATAPPA LAYOUT, KAVERI NAGAR","VENKATAPPA LAYOUT, KAVERI NAGAR, BYPASS ROAD"
Modified,05121,email,,badgaon@bkivv.org
Modified,04422,mobile,9687828140,"9687828140, 9313761231"
Modified,04422,address.line1,"HOUSE NO: 399, NAKLANK, RAMGADH PLOT",SHIV DARSHAN
Modified,04422,address.line3,,BHESAN
Modified,04422,address.line2,CHANAKA ROAD,"CHODVADI ROAD, OPP: GAUSEVA SAMAJ"
Modified,04422,coords,"['21.5466810000', '70.7084670000']","['21.5476810000', '70.7066510000']"
Modified,04876,mobile,"8168131731, 9254797271, 8527386622",8168131731
Modified,05062,email,,paurigarhwal@bkivv.org
Modified,05062,address.line2,UPPER BAZAR,"UPPER BAZAR, MALL ROAD"
Modified,05608,mobile,8249764643,"8249764643, 8144988585"
Modified,05608,address.line1,"EC-1252, NUA SAHI",SHIV JYOTI BHAWAN
Modified,05608,address.line3,TAL: CHIKITI,"CHIKITI PENTHO, TAL: CHIKITI"
Modified,05608,address.line2,NEAR HANUMAN TEMPLE,"BRAHMA NAGAR, 9TH LANE"
Modified,05608,coords,"['19.2007132000', '84.6023884000']","['19.1984600000', '84.6000500000']"
Modified,03815,address.line1,PRABHU DARSHAN BHAWAN,"PLOT NO: 365/367, PRABHU DARSHAN BHAWAN"
Modified,04761,name,AMB,AMB (UNA)
Modified,04761,address.line1,RAJYOG BHAWAN,"RAJYOG BHAWAN, KHASRA NO: 1500"
Modified,00471,name,HUNSUR,HUNSUR POST OFFICE ROAD
Modified,01812,mobile,9483855655,9483146990
Modified,01636,mobile,"9454551941, 8318454152","8318454152, 7800097051"
Modified,01636,address.line1,"H NO: 9/56, AMAN SHAHID MOHALLA","H NO: 313/109, TAPASYA BHAWAN, RAMENI DANDA"
Modified,01636,address.line3,URAI ROAD,HAMIRPUR
Modified,01636,address.line2,NEAR DURGA MANDIR,"NEAR RANI LAKSHMI BAI PARK, KANPUR ROAD"
Modified,01636,coords,"['25.9615583000', '80.1462202000']","['25.9505580000', '80.1607900000']"
Modified,03729,address.line2,PAMENHALLI ROAD,"PAMENHALLI ROAD, NEAR DHANALAXMI INDUSTRIES"
Modified,04928,name,AMLA,AMLA (BETUL)
Modified,04928,address.city,AMLA,AMLA (BETUL)
Modified,02208,name,PAUNI,PAUNI (BHANDARA)
Modified,02208,mobile,"9420937710,9421945885","9420937710, 9421945885"
Modified,02208,address.line3,,NAGPUR ROAD
Modified,02208,address.line2,"SHESH NAGAR, OPP: BUS STAND","OPP: BUS STAND, SHESH NAGAR"
Modified,02208,address.city,PAUNI,PAUNI (BHANDARA)
