ChangeType,branch_code,FieldName,OldValue,NewValue
Deleted,08320,,"{""address"": {""city"": ""LUMBINI"", ""line1"": ""KITTA NO: 2042, GLOBAL PEACE CENTRE"", ""line2"": ""PARSA CHOWK, LUMBINI ROAD"", ""line3"": ""LUMBINI SANSKRITI MUNICIPALITY-6"", ""pincode"": ""32914""}, ""branch_code"": """,
Modified,03774,email,,vasundhraenclave.hts@bkivv.org
Modified,03774,mobile,"8881274851, 9412877931","8881274851, 8057140328"
Modified,00012,mobile,"9425642400,9893902999",9425642400
Modified,03953,name,SONEPAT ARYA NAGAR,SONIPAT ARYA NAGAR
Modified,03953,address.city,SONEPAT,SONIPAT
Modified,01365,name,KAGAL,KAGAL (KOLHAPUR)
Modified,02069,address.line1,"H.NO: CG/62/04/72, PRABHU MILAN BHAWAN","NEW PLOT NO: 383/23, PRABHU MILAN BHAWAN"
Modified,02069,address.line2,"BABU BAGICHA, NEAR BUS STAND","BABU BAGICHA, BUS STAND ROAD"
Modified,01023,mobile,9337515163,"9337515163, 9827699687"
Modified,04352,name,BENGALURU ANANTHANAGAR,BENGALURU ANANTH NAGAR
Modified,04352,coords,"['12.8349790000', '77.6918320000']","['12.8313900000', '77.6914700000']"
Modified,04352,address.line3,"ELECTRONIC CITY, ANANTHA NAGAR","GLASS FACTORY LAYOUT, ANANTH NAGAR, TAL: ANEKAL"
Modified,04352,address.line1,"H NO: 1072, SHRINIKETHANA, 3RD CROSS","SURVEY NO: 6607/139/1, AKHANDA JYOTI BHAWAN"
Modified,04352,address.line2,"PHASE II, OPP: UNION BANK, HUSKUR GATE","ATTIBELE HOBLI, KAMMASANDRA"
Modified,04352,email,,ananthanagar.blr@bkivv.org
Modified,01924,name,CHURU,CHURU (RAJ)
Modified,01924,address.city,CHURU,CHURU (RAJ)
Modified,02057,name,DAUSA,DAUSA (RAJ)
Modified,02057,address.city,DAUSA,DAUSA (RAJ)
Modified,01879,address.line1,"499/2, SUHAG NAGAR","H.NO: 499/2, SUHAG NAGAR"
Modified,05623,name,MUNDI,MUNDI (KHANDWA)
Modified,05623,address.city,MUNDI,MUNDI (KHANDWA)
Modified,04462,address.line1,BHAGYA VIDATA BHAWAN,"BHAGYA VIDATA BHAWAN, SITE NO: 20"
Modified,05247,district,Karimganj,SRIBHUMI
Modified,05247,mobile,"8638751602, 7086528029",9435596351
Modified,05000,coords,"['26.8468780000', '82.1998130000']","['26.8409710000', '82.2216540000']"
Modified,05000,address.line3,TAL: TARABGANJ,"ISMAILPUR KATRA SHIVDAYALGANJ, TAL: TARABGANJ"
Modified,05000,address.line1,OPP: PETROL PUMP,H/O: KARTA RAM PASWAN
Modified,05000,address.line2,"KANAKPUR, NAWAB GANJ ROAD","OPP: JUNIOR HIGH SCHOOL, GONDA ROAD"
Modified,05000,email,,katrashivdayalganj@bkivv.org
Modified,05000,mobile,"8787023005, 9580095781",8787023005
Modified,04643,address.line2,"ANAND NAGAR, WARD NO: 8","ANAND NAGAR, WARD NO: 8, SHIVAJI WARD"
Modified,03824,mobile,9755499331,8305961172
Modified,01019,name,HOJAI,HOJAI (NAGAON)
Modified,01019,address.city,HOJAI,HOJAI (NAGAON)
Modified,00913,name,AMBAH,AMBAH (MORENA)
Modified,00913,address.city,AMBAH,AMBAH (MORENA)
Modified,01676,address.line2,ARBINDO NAGAR,ARBINDO NAGAR STREET
Modified,02790,name,GURUR,GURUR (BALOD)
Modified,02790,address.city,GURUR,GURUR (BALOD)
Modified,01171,contact,08942-272733,
Modified,01171,mobile,,9959454674
Modified,03448,district,Osmanabad,DHARASHIV
Modified,03448,name,BHOOM,BHOOM (DHARASHIV)
Modified,02926,name,BARI,BARI (DHOLPUR)
Modified,02926,address.city,BARI,BARI (DHOLPUR)
Modified,04271,name,ARWAL,ARWAL (BHR)
Modified,04271,address.city,ARWAL,ARWAL (BHR)
Modified,00873,contact,05542-284184,
Modified,00873,name,BASTI,BASTI (UP)
Modified,04109,mobile,9627288319,8433028844
Modified,02450,name,BARAD,BARAD (NANDED)
Modified,02450,address.city,BARAD,BARAD (NANDED)
Modified,03358,name,RAHA,RAHA (NAGAON)
Modified,03358,address.city,RAHA,RAHA (NAGAON)
Modified,05340,name,ASHTA (MP) CHANDAN NAGAR,ASHTA CHANDAN NAGAR
Modified,05340,address.city,ASHTA (MP),ASHTA
Modified,05340,email,,chandannagar.ast@bkivv.org
Modified,02419,contact,0731- 2362362,
Modified,00102,contact,0121-2517070,
Modified,04086,address.line1,PRABHU PRAPTI,"PRABHU PRAPTI, KHASRA NO: 14/3"
Modified,02335,address.line1,"SHIV DARSHAN BHAWAN, NEAR SAI COLD STORE","H.NO: 1607, SHIV DARSHAN BHAWAN"
Modified,02335,address.line2,TARAPURAM COLONY,"NEAR SAI COLD STORE, TARAPURAM COLONY"
Modified,02335,mobile,"9415709599,9084373639","9084373639, 7078099898"
Modified,00266,address.line1,"'VARDANI BHAWAN', HOUSE NO:1","VARDANI BHAWAN, H.NO:1"
Modified,00266,email,,kukurwada@bkivv.org
Modified,01442,contact,02353-222876,
Modified,01320,contact,02323-246059,
Modified,01320,name,AJARA,AJARA (KOLHAPUR)
Modified,03796,address.line1,"H NO: 1, "" GYAN TIRTH ""","H NO: 1, GYAN TIRTH, TIRUPATI SOHAN BANGLOWS"
Modified,03796,address.line2,TIRUPATI SOHAN BANGLOWS,NEAR MURLIDHAR SOCIETY
Modified,03186,contact,-,
Modified,03186,mobile,"9212972836, 9536832690","9818216799, 9315892903"
Modified,03111,email,,shivajinagar@bkivv.org
Modified,03111,mobile,"9794815979,  9935706737","9794815979, 9935706737"
Modified,90007,region,INDIA,MADHUBAN SISTER CONCERNS
Modified,00661,contact,02452-231120,
Modified,00661,address.line3,VASMAT ROAD,
Modified,00661,address.line2,SHIVRAM NAGAR,"SHIVRAM NAGAR, VASMAT ROAD"
Modified,00695,name,UMRED,UMRED (NAGPUR)
Modified,00695,address.line3,WARD.NO:4,WARD NO:4
Modified,05565,address.line2,GANESH NAGARI,"GANESH NAGARI, NEAR GOVT. HOSPITAL, MAIN ROAD"
Modified,04199,coords,"['26.9094590000', '83.8401960000']","['26.9092080000', '83.8415080000']"
Modified,04199,address.line3,"WARD NO:4, SINGHA ROAD",WARD NO:12
Modified,04199,address.line1,BAIKUNTHDHAM,"PLOT NO:1396, VISHWA DIVYA JIVAN NIRMAN BHAWAN"
Modified,04199,address.line2,NEAR PUNJAB MILL SOCIETY,"SINGHA ROAD, OPP: ADARSH INTER COLLEGE"
Modified,04199,email,,ramkola@bkivv.org
Modified,04199,mobile,"9919515581, 7704824554",9919515581
Modified,00914,name,BHIND,BHIND (MP)
Modified,00914,address.city,BHIND,BHIND (MP)
Modified,00914,address.line1,'PAWAN KUTI',PAWAN KUTI
Modified,02038,address.line3,"VIVEK VIHAR COLONY, MURARI NAGAR","OM SHANTI GALI, VIVEK VIHAR COLONY, MURARI NAGAR"
Modified,04412,coords,"['19.3778430000', '76.2242510000']","['19.3864350000', '76.2178270000']"
Modified,04412,address.line3,"PATIL GALLI, DHOTAR JODA","PARTUR ROAD, WARD NO-1, DHOTAR JODA"
Modified,04412,address.line1,H NO: 216,"PLOT NO: 54, 55, PRABHU UPHAR BHAWAN"
Modified,04412,address.line2,NEAR SIDDHESHWAR MANDIR,"OPP: PRIMARY HEALTH CENTRE, SHIKSHAK COLONY"
Modified,04412,email,,ashtidhotarjoda@bkivv.org
Modified,01798,address.line2,NEAR LOKMANYA VIDYA NIKETAN SCHOOL,"GATE NO:2, NEAR LOKMANYA VIDYA NIKETAN SCHOOL"
Modified,05601,address.line1,"H NO: 77, SUNDERLAL SHARMA WARD","H NO: 77, NEAR VARMA KIRANA STORE, SUNDERLAL SHARMA WARD"
Modified,05601,address.line2,"NEAR VARMA KIRANA STORE, WARD NO: 20, BILASPUR ROAD","NEAR DM TOWER, WARD NO: 21, BILASPUR ROAD"
Modified,01658,contact,07560-243781,
Modified,01658,name,ASHTA (MP) SHASTRI COLONY,ASHTA SHASTRI COLONY
Modified,01658,address.city,ASHTA (MP),ASHTA
Modified,01658,email,ashta.mp@bkivv.org,shastricolony.ast@bkivv.org
Modified,02381,contact,0512- 2573846,
Modified,02381,address.line3,KALYANPUR,"NEAR NANDRANI GUEST HOUSE, KALYANPUR"
Modified,02381,address.line2,AVAS VIKAS-1,"AVAS VIKAS COLONY-1, BAGIYA CROSSING ROAD"
Modified,01256,address.line3,,TAL: SAVADATI
Modified,01256,address.line1,NEAR PILIGRIMAGE OFFICE,"H NO: 226E, NEAR PILIGRIMAGE OFFICE"
Modified,01256,address.line2,MAIN RAOD,MAIN ROAD
Modified,04155,mobile,"9780245469,6280065849, 7983649091","9780245469, 7983649091"
Modified,04584,address.line2,ASHUTOSH NAGAR,"ASHUTOSH NAGAR, NEAR HANUMAN TEMPLE"
Modified,04584,mobile,"9668859002,7978201629","9668859002, 7978201629"
Modified,03294,name,BIHTA,BIHTA (PATNA)
Modified,03294,address.line3,NEAR DOMINIYA BRIDGE,"BIHTA MAIN ROAD, WARD NO-8"
Modified,03294,address.city,BIHTA,BIHTA (PATNA)
Modified,03294,address.line1,BEHIND. DR. RAJENDRA PRASAD CLINIC,"ASHA KUNJ, BEHIND. DR. RAJENDRA PRASAD CLINIC"
Modified,03294,address.line2,"BIHTA MAIN ROAD, WARD NO-8",NEAR DOMINIYA BRIDGE
Modified,03294,email,,bihta@bkivv.org
Modified,04569,name,WALUR,WALUR (PARBHANI)
Modified,04569,address.city,WALUR,WALUR (PARBHANI)
Modified,04569,address.line1,KRISHNA NIWAS,"H.NO: 847, KRISHNA NIWAS"
Modified,04569,address.line2,"HATKAR GALLI, DEVUVADA","HATKAR GALI, DEVUVADA"
Modified,01297,district,ANANTAPUR,ANANTAPURAMU
Modified,01297,name,GOOTY,GOOTY (ANANTAPUR)
Modified,00996,name,BETTIAH,BETTIAH OM SHANTI NAGAR
Modified,02941,address.line1,SHIV DARSHAN BHAWAN,"PLOT NO: 67, SHIV DARSHAN BHAWAN"
Modified,01571,name,FALNA,FALNA (PALI)
Modified,01571,address.city,FALNA,FALNA (PALI)
Modified,04437,address.line3,WARD NO:5,WARD NO:13
Modified,04437,mobile,"9691429241, 8225989518",9691429241
Modified,03339,name,KEKRI,KEKRI (AJMER)
Modified,04464,section,02822,02553
Modified,03563,name,SAHA,SAHA (AMBALA)
Modified,03563,address.line3,,SUHARO KI GALI
Modified,03563,address.city,SAHA,SAHA (AMBALA)
Modified,03563,address.line1,NEAR HANUMAN MANDIR,H.NO: 863
Modified,03563,address.line2,,NEAR HANUMAN MANDIR
Modified,05521,name,SANCH,SANCH (KAITHAL)
Modified,05521,address.city,SANCH,SANCH (KAITHAL)
Modified,05521,address.line2,NEAR HANUMAN MANDIR,HANUMAN MANDIR ROAD
Modified,01167,contact,08942-287477,
Modified,02577,name,DHAND,DHAND (KAITHAL)
Modified,02577,address.city,DHAND,DHAND (KAITHAL)
Modified,00672,mobile,"9545747702, 8237574613, 8149681531",8149681531
Modified,02782,contact,0744-2412777,
Modified,02782,address.line3,MAIN ROAD,
Modified,02782,address.line2,VIGYAN NAGAR,"VIGYAN NAGAR, MAIN ROAD"
Modified,00881,address.line3,,WARD NO: 26
Modified,01128,address.line3,STREET.NO:11,STREET NO:11
Modified,01128,address.line1,"'GYANANJALI BHAWAN', PLOT.NO:1504/L","GYANANJALI BHAWAN, PLOT NO:1504/L"
Modified,01128,address.line2,OPP: POLICE STATION,POLICE STATION ROAD
Modified,01128,mobile,"7587711575, 9685117198",9685117148
Modified,01646,contact,05522- 234575,
Modified,03096,section,00868,03096
Modified,02916,mobile,"9455882460, 9451481190",9455882460
Modified,03596,address.line3,"NEAR WESTEND MALL, D.P.ROAD, AUNDH",AUNDH
Modified,03596,address.line2,PLOT NO: 11,"PLOT NO: 11, NEAR WESTEND MALL, D.P.ROAD"
Modified,02972,name,SODAM,SODAM (CHITTOOR)
Modified,01339,contact,07224-235811,
Modified,04384,name,DEORI (SAGAR),DEORI (MP)
Modified,04384,address.line3,MAHAKALI WARD,
Modified,04384,address.line2,FRONT OF MARAI MATA MANDIR,"NAGAR PALIKA ROAD, MAHAKALI WARD"
Modified,04384,mobile,8839677582,"8839677582, 8103258606"
Modified,04384,section,00002,04384
Modified,04735,name,MOHNA,MOHNA (GWALIOR)
Modified,04735,address.city,MOHNA,MOHNA (GWALIOR)
Modified,01062,coords,"['23.6572550000', '86.4739900000']","['23.6592850000', '86.4794470000']"
Modified,01062,address.line3,"PO: SINDRI INSTITUTE, GOSHALA ROAD",PO: SINDRI
Modified,01062,address.line1,OLD CANTEEN ROOM,QUARTER A-7 AND A-8
Modified,01062,address.pincode,828123,828122
Modified,01062,address.line2,BIRSA INSTITUTE OF TECHNOLOGY (BIT),"FACULTIES COLONY, BIRSA INSTITUTE OF TECHNOLOGY (BIT)"
Modified,01062,mobile,9334016268,8340753257
Modified,03336,name,TANGI,TANGI (KHORDHA)
Modified,03336,address.city,TANGI,TANGI (KHORDHA)
Modified,02789,address.line1,DIVYA SANSKRITI BHAWAN,"DIVYA SANSKRITI BHAWAN, WARD NO-11"
Modified,02789,address.line2,NEAR SIDDARTHA PETROL PUMP,"NEAR SIDDARTHA PETROL PUMP, KILLAPARA MOHALLA"
Modified,03340,address.line1,SHIV SMRUTI BHAVAN,"H.NO:11, SHIV SMRUTI BHAVAN"
Modified,02245,section,00814,02245
Modified,01763,coords,"['27.3896987000', '79.5824286000']","['27.3840030000', '79.5892250000']"
Modified,01763,address.line3,,BEHIND VISHAL DEGREE COLLEGE
Modified,01763,address.line1,H.NO: 2/23,H.NO: 6/38 A
Modified,01763,address.line2,NEHRU ROAD,"ANDIYANA, ALLAH NAGAR"
Modified,01763,mobile,"9935192999, 9839592478","8840687227, 9935192999"
Modified,03816,address.line3,"BORIYAKHURD, MOTI NAGAR","OLD DHAMTARI ROAD, MOTI NAGAR"
Modified,03816,address.line2,YASH VIHAR COLONY,"YASH VIHAR COLONY, BORIYAKHURD"
Modified,04278,name,SAYLA,SAYLA (JALORE)
Modified,04278,address.city,SAYLA,SAYLA (JALORE)
Modified,03310,district,VISAKHAPATNAM,Anakapalli
Modified,03310,name,ANAKAPALLE NARASINGRAO PETA,ANAKAPALLI NARASINGRAO PETA
Modified,03310,address.city,ANAKAPALLE,ANAKAPALLI
Modified,03310,district_id,5212,7782
Modified,03600,name,PALAM,PALAM (PARBHANI)
Modified,03360,name,BANKA,BANKA (BHR)
Modified,03360,address.city,BANKA,BANKA (BHR)
Modified,00245,contact,02744-220965,
Modified,00245,name,DEESA,DEESA (BANASKANTHA)
Modified,00245,address.line3,"OPP: SPORTS CLUB,  GAYATRI ROAD","OPP: SPORTS CLUB, GAYATRI ROAD"
Modified,03940,address.line1,PEACE HOUSE,"H.NO: 400, PEACE HOUSE"
Modified,02891,address.line3,,WARD NO: 7
Modified,02891,address.line1,BHILPURA COLONY,H.NO: 24
Modified,02891,address.line2,SHIVPUR ROAD,"GALI NO:2, BHILPURA COLONY, SHIVPUR ROAD"
Modified,02072,name,KURUD,KURUD (DHAMTARI)
Modified,02072,address.city,KURUD,KURUD (DHAMTARI)
Modified,00656,contact,02472-222464,
Modified,00656,district,Osmanabad,DHARASHIV
Modified,00656,name,OSMANABAD ANAND NAGAR,DHARASHIV ANAND NAGAR
Modified,00656,address.city,OSMANABAD,DHARASHIV
Modified,00700,contact,0832-2511907,
Modified,00700,address.line3,NEAR OLD BUS STAND,OLD FISH MARKET ROAD
Modified,00700,address.line1,"B-1, COMMERCE CENTRE","FLAT NO: B-1, COMMERCE CENTRE, 2ND FLOOR"
Modified,00700,address.line2,2ND FLOOR,NEAR OLD BUS STAND
Modified,05003,address.line1,PRABHU MILAN BHAWAN,"H.NO: 112, PRABHU MILAN BHAWAN"
Modified,01436,email,deepjyoticolony.pun@bkivv.org,cumminscollegeroad.pun@bkivv.org
Modified,03743,name,BILSI,BILSI (BUDAUN)
Modified,03743,address.city,BILSI,BILSI (BUDAUN)
Modified,00680,contact,02162- 229795,
Modified,00680,address.line3,KOLHAPUR-PUNE HIGH WAY,KOLHAPUR- PUNE HIGH WAY
Modified,00680,address.line1,"SHANTI KUNJ BHAWAN, PLOT NO: 33,34,35/1","PLOT NO: 33,34,35/1, SHANTI KUNJ BHAWAN"
Modified,00680,mobile,"9423827563, 7219247119","9423827563, 7558784280"
Modified,03863,coords,"['18.5101576000', '76.8734251000']","['18.5096990000', '76.8711320000']"
Modified,03863,address.line1,"HOUSE NO: 1959, FULARI NIWAS","HOUSE NO: 6033, DIVYA DARSHAN BHAWAN"
Modified,03863,address.line2,"SAMBHAJI GALLI, NEAR POLICE STATION","NEAR OLD BUS STAND, BEHIND VILAS PATIL COMPLEX"
Modified,05599,name,BANT,BANT (BHADRAK)
Modified,05599,address.line1,COLLEGE ROAD,PLOT NO: 911/114
Modified,05599,address.line2,LAKSHMI BAZAR,"COLLEGE ROAD, LAKSHMI BAZAR"
Modified,03621,name,TIBBI,TIBBI (HANUMANGARH)
Modified,00692,name,UDGIR,UDGIR (LATUR)
Modified,00692,address.city,UDGIR,UDGIR (LATUR)
Modified,04706,mobile,"7015791283,  9671737322",9671737322
Modified,04308,address.line3,"NEAR STATE BANK OF INDIA, MAIN LANE","MAIN LANE, SAKRI ROAD"
Modified,04308,address.line2,BESIDE VITTAL MANDIR,"BESIDE VITTAL MANDIR, NEAR STATE BANK OF INDIA"
Modified,04308,mobile,"9049646088,  9423288049","9423288049, 8949747827"
Modified,00639,contact,022- 24459998,
Modified,00639,address.line3,MAHIM(WEST),MAHIM (WEST)
Modified,00639,address.line2,"BHAGOJI KEER ROAD, NEAR PARADISE CINEMA ","BHAGOJI KEER ROAD, NEAR PARADISE CINEMA"
Modified,00639,mobile,9920901554,"9920901554, 8779523309"
Modified,05004,address.line1,BRAHMA KUMARIS,"BRAHMA KUMARIS, H NO: 195"
Modified,05004,section,00868,03096
Modified,00032,mobile,8397911044,"9896942055, 8397911044"
Modified,03346,name,USGAO,USGAO (NORTH GOA)
Modified,02719,contact,0731-2330444,
Modified,00983,contact,0389- 2350109,
Modified,00569,contact,"08482-226803, 229867",
Modified,04984,name,NANDE,NANDE (PUNE)
Modified,04984,address.city,NANDE,NANDE (PUNE)
Modified,01424,name,OTUR,OTUR (PUNE)
Modified,01424,address.city,OTUR,OTUR (PUNE)
Modified,05568,mobile,"8910108581, 9903871518","8910108581, 9330473239"
Modified,04528,name,SASNI,SASNI (HATHRAS)
Modified,04528,address.city,SASNI,SASNI (HATHRAS)
Modified,04528,address.line1,"H NO: 223, 'SANGAM BHAWAN'","H NO: 223, SANGAM BHAWAN"
Modified,00602,address.line3,"WARD NO: 15, JALGAON JAMOD",
Modified,00602,address.line2,"SEVAKDAS NAGAR, GITA BHAWAN ROAD","SEVAKDAS NAGAR, GITA BHAWAN ROAD, MANGAL KARYALAYA, WARD NO: 15, JALGAON JAMOD"
Modified,05106,section,01027,03783
Modified,01456,name,SELU,SELU (PARBHANI)
Modified,01456,address.city,SELU,SELU (PARBHANI)
Modified,01456,address.line1,"'SHIVDEEP BHAWAN', H.NO:55/56","SHIVDEEP BHAWAN, H.NO:55/56"
Modified,02170,contact,06863- 245777,
Modified,04232,name,AMDI,AMDI (DHAMTARI)
Modified,04232,address.city,AMDI,AMDI (DHAMTARI)
Modified,04037,name,LANJA,LANJA (RATNAGIRI)
Modified,04037,address.city,LANJA,LANJA (RATNAGIRI)
Modified,00866,address.line1,"SADBHAVAN BHAWAN, TRAINING CENTRE, ARAJI NO: 122","SADBHAWANA BHAWAN, TRAINING CENTRE, ARAJI NO: 122"
Modified,03380,name,CHAS,CHAS (BOKARO)
Modified,03380,address.city,CHAS,CHAS (BOKARO)
Modified,03409,name,AONLA,AONLA (BAREILLY)
Modified,03409,address.city,AONLA,AONLA (BAREILLY)
Modified,04656,address.line1,VARDANI BHAWAN,"H NO: 967, VARDANI BHAWAN"
Modified,02598,address.line1,SUKH SHANTI ANUBHUTI BHAWAN,"SUKH SHANTI ANUBHUTI BHAWAN, GATA NO: 1290"
Modified,02598,mobile,"9838887407, 9455158454","9838887407, 9455158454, 7905217848"
Modified,03864,name,DEOLI,DEOLI (WARDHA)
Modified,03864,address.city,DEOLI,DEOLI (WARDHA)
Modified,01471,contact,07183- 234416,
Modified,01004,address.line2,"PO: GANDHI NAGAR, NSI-37","PO: GANDHI NAGAR, NHI-37"
Modified,01647,name,ORAI,ORAI (JALAUN)
Modified,01647,address.city,ORAI,ORAI (JALAUN)
Modified,00792,name,SUNAM,SUNAM (SANGRUR)
Modified,00792,address.city,SUNAM,SUNAM (SANGRUR)
Modified,03740,name,RASRA,RASRA (BALLIA)
Modified,03740,address.city,RASRA,RASRA (BALLIA)
Modified,03740,address.line1,PRABHU CHINTAN BHAWAN,"H.NO:121, PRABHU CHINTAN BHAWAN"
Modified,04179,section,02822,02553
Modified,01582,name,NOHAR,NOHAR (HANUMANGARH)
Modified,01582,address.city,NOHAR,NOHAR (HANUMANGARH)
Modified,04847,name,UTTUR,UTTUR (KOLHAPUR)
Modified,04048,coords,"['23.4089070000', '78.2215590000']","['23.4093800000', '78.2336860000']"
Modified,04048,address.line3,WARD NO-9,GAIRATGANJ
Modified,04048,address.line1,"NEAR OLD CENTRAL BANK, MARKET","KHASRA NO:39/1/2, KANHA RESIDENCY"
Modified,04048,address.line2,GANDHI CHABUTRA,DHANGAWA ROAD
Modified,04048,email,,gairatganj@bkivv.org
Modified,04048,mobile,"9755333294,7566119666",6265456939
Modified,03704,address.line1,SOLANKI BHAWAN,"H.NO:18, SOLANKI BHAWAN"
Modified,04071,name,GADH,GADH (BANASKANTHA)
Modified,04071,address.city,GADH,GADH (BANASKANTHA)
Modified,01193,contact,"08577- 221222, 201440",
Modified,01193,name,PUTTUR,PUTTUR (AP)
Modified,01193,address.line1,VISHWA DARSHAN BHAWAN,"VISHWA DARSHAN BHAWAN, H.NO.220"
Modified,03661,contact,07752-359809,07752- 359809
Modified,02363,mobile,9957475348,
Modified,05043,address.line1,BHAGYA VIDHATA BHAWAN,"BHAGYA VIDHATA BHAWAN, KHASRA NO: 960/2/K, 960/3, 961/8"
Modified,00252,name,HARIJ,HARIJ (PATAN)
Modified,00252,address.city,HARIJ,HARIJ (PATAN)
Modified,01629,address.line2,"NEAR BADHPUR AVAS VIKAS, TEELA MASENI","NEAR BADHPUR AVAS VIKAS, TEELA MASENI ROAD"
Modified,01629,mobile,"9451788023, 7607615839",9451788023
Modified,00349,contact,07412-233835,
Modified,00642,contact,"022-25617393, 25646096",
Modified,00642,mobile,9869125530,"9869125530, 7977984052"
Modified,01950,name,AKLUJ,AKLUJ (SOLAPUR)
Modified,01950,address.city,AKLUJ,AKLUJ (SOLAPUR)
Modified,04166,coords,"['17.7093379000', '74.3214456000']","['17.7102550000', '74.3227020000']"
Modified,04166,address.line3,TAL: KHATAV,"BHAVANI NAGAR, PUSEGAON, TAL: KHATAV"
Modified,04166,address.line1,"H NO: 555, GOPAL NIWAS",GAT NO: 442
Modified,04166,address.line2,"DAHIWADI ROAD, NEAR BHARAT GAS OFFICE","DAHIWADI ROAD, NEAR JAL SHUDDIKARAN KENDRA"
Modified,04166,mobile,"9657346626,  8329572676","8329572676, 7588378520"
Modified,02012,district,Ahmednagar,AHILYANAGAR
Modified,02012,name,AKOLE,AKOLE (AHILYANAGAR)
Modified,02012,address.city,AKOLE,AKOLE (AHILYANAGAR)
Modified,00558,contact,0721-2574397,
Modified,90006,region,INDIA,MADHUBAN SISTER CONCERNS
Modified,00643,name,MUMBAI,MUMBAI NEPEAN SEA ROAD
Modified,01154,name,TILDA,TILDA (RAIPUR)
Modified,01154,address.city,TILDA,TILDA (RAIPUR)
Modified,01154,address.line1,"GYAN JYOTI, 2ND LANE","H.NO:770/17, GYAN JYOTI, 2ND LANE"
Modified,01406,name,MUMBAI MIRA ROAD,MUMBAI MIRA ROAD SHANTI PARK
Modified,01406,mobile,9870500533,"9870500533, 9167995265"
Modified,01406,section,02267,01406
Modified,02994,address.line1,"A-4, ASTHAN PLAZA","FLAT NO: A-4, ASTHAN PLAZA"
Modified,04088,email,,bksuryavihar.bhi@bkivv.org
Modified,01124,address.line2,"NEAR RADHA KRISHNA TEMPLE, WARD NO: 36/32","NEAR RADHA KRISHNA TEMPLE, WARD NO: 46"
Modified,01447,name,SAKRI,SAKRI (DHULE)
Modified,01447,address.city,SAKRI,SAKRI (DHULE)
Modified,00320,contact,07722-237909,
Modified,00320,mobile,"9425215019, 9993294712","9131323971, 9993294712"
Modified,04664,name,VADUJ,VADUJ (SATARA)
Modified,04664,address.city,VADUJ,VADUJ (SATARA)
Modified,04664,address.line1,PRABHU VARDAN,"NO: 72/3/1-A/39, PRABHU VARDAN"
Modified,01714,contact,02181- 220403,
Modified,01513,name,INDRI,INDRI (KARNAL)
Modified,01513,address.city,INDRI,INDRI (KARNAL)
Modified,05280,name,KONCH,KONCH (JALAUN)
Modified,05280,address.line3,,SUBHASH NAGAR
Modified,05280,address.city,KONCH,KONCH (JALAUN)
Modified,05280,address.line1,NEAR NASIR FILLING STATION,H.NO: 464
Modified,05280,address.line2,SUBHASH NAGAR,NEAR NASIR FILLING STATION
Modified,00902,name,MAU,MAU (UP)
Modified,05174,name,THOL,THOL (KURUKSHETRA)
Modified,05174,address.city,THOL,THOL (KURUKSHETRA)
Modified,02516,contact,05882-254041,
Modified,02516,mobile,8445788600,"8445788600, 9927310753"
Modified,04087,email,,nawagarh@bkivv.org
Modified,05545,name,PADRAUNA  ,PADRAUNA
Modified,03802,mobile,"9431746382, 7903034718",7903034718
Modified,02384,contact,0285- 2683103,
Modified,02384,coords,"['21.4416900000', '70.6002698000']","['21.4417600000', '70.5989600000']"
Modified,02384,address.line3,STREET NO: 1,STREET NO: 2
Modified,02384,address.line1,PLOT NO: 680,"ATAM DARSHAN BHAVAN, BILNATH SHERI"
Modified,02384,address.line2,STATION PLOT,"BESIDE PATEL SAMAJ, STATION PLOT"
Modified,02384,mobile,"9979712611, 9265648446","9265648446, 9979712611"
Modified,01457,contact,01503- 223055,
Modified,05163,coords,"['29.9557020000', '76.8722230000']","['29.9562960000', '76.8726550000']"
Modified,05163,address.line1,"H NO: 1809, HOUSING BOARD COLONY","H NO: 1817, HOUSING BOARD COLONY"
Modified,05163,address.line2,"POWER GRID ROAD, SECTOR 8","NEAR PARK, SECTOR 8"
Modified,00957,name,DIBAI,DIBAI (BULANDSHAHR)
Modified,00957,address.city,DIBAI,DIBAI (BULANDSHAHR)
Modified,00578,contact,02586-202122,
Modified,00578,mobile,"9637749775, 9373071918","9637749775, 7057688171"
Modified,01412,contact,0712-2556890,
Modified,01412,name,NAGPUR DHARAMPETH,NAGPUR GOKULPETH
Modified,01412,coords,"['21.1386654000', '79.0602771000']","['21.1434680000', '79.0589500000']"
Modified,01412,address.line3,"LAXMI BHAWAN CHOWK, DHARAMPETH",GOKULPETH MARKET
Modified,01412,address.line1,"205, GUPTA BHAWAN","H.NO: 187, FLAT NO B2, 2ND FLOOR"
Modified,01412,address.line2,WEST HIGH COURT ROAD,"RADHA KRISHNA APARTMENT, NEAR KUMAR BAKERY"
Modified,01412,mobile,8766507634,"8208856295, 9922372594"
Modified,03211,contact,05523- 222145,
Modified,03211,mobile,9451563480,"9451563480, 9260913597"
Modified,01012,name,DIPHU,DIPHU (KARBI ANGLONG)
Modified,01012,address.city,DIPHU,DIPHU (KARBI ANGLONG)
Modified,01484,name,WAI,WAI (SATARA)
Modified,01484,address.city,WAI,WAI (SATARA)
Modified,04469,mobile,9084589794,"9084589794, 8006614258"
Modified,00925,name,SIDHI,SIDHI (MP)
Modified,00925,address.city,SIDHI,SIDHI (MP)
Modified,02030,name,PIPLI,PIPLI (KURUKSHETRA)
Modified,02030,address.city,PIPLI,PIPLI (KURUKSHETRA)
Modified,05326,name,KOLE,KOLE (SATARA)
Modified,05326,address.city,KOLE,KOLE (SATARA)
Modified,05244,name,IEEJA,IEEJA (JOGULAMBA GADWAL)
Modified,05244,address.city,IEEJA,IEEJA (JOGULAMBA GADWAL)
Modified,05516,section,02267,01406
Modified,04741,address.line1,GYAN UDAY BHAWAN,"GYAN UDAY BHAWAN, H NO: 552"
Modified,02094,contact,020-64150403,
Modified,02094,address.line3,"LAXMI NAGAR, LINK ROAD,TEH: HAVELI",TEH: HAVELI
Modified,02094,address.line2,BRAHMA KUMARIS MARG,"BRAHMA KUMARIS MARG, LAXMI NAGAR, LINK ROAD"
Modified,00114,name,SONEPAT MODEL TOWN,SONIPAT MODEL TOWN
Modified,00114,address.city,SONEPAT,SONIPAT
Modified,05558,address.line3,SAMPTCHAK BLOCK ,SAMPTCHAK BLOCK
Modified,05558,email,,sampthchak.pat@bkivv.org
Modified,01783,contact,06853- 223888,
Modified,04185,name,ORANG,ORANG (UDALGURI)
Modified,04185,address.city,ORANG,ORANG (UDALGURI)
Modified,03084,contact,02328-222595,
Modified,01249,contact,08183-229404,
Modified,01249,mobile,"9964819194, 9481067294",9113239096
Modified,02158,name,SANDI,SANDI (HARDOI)
Modified,02158,address.city,SANDI,SANDI (HARDOI)
Modified,05505,email,,hospitalroad.ppn@bkivv.org
Modified,01877,coords,"['27.1455934000', '79.5052363000']","['27.1454540000', '79.5026240000']"
Modified,01877,address.line3,INDRA NAGAR,RAJENDRA NAGAR
Modified,01877,address.line1,"HOUSE OF R.P.MISHRA, H.NO: 25/82","HOUSE OF KAMINI RATHORE, KHASRA NO: 20"
Modified,01877,address.line2,NEAR GOVERNMENT HOSPITAL,"NEAR BAJARIYA GAUSHALA, BAJARIYA MOHALLA"
Modified,01877,mobile,9452616623,7007909943
Modified,04311,name,JAMUI,JAMUI (BHR)
Modified,04311,address.city,JAMUI,JAMUI (BHR)
Modified,01860,contact,02452-23415,
Modified,01860,mobile,9421462264,"9421462264, 7020372969"
Modified,02103,name,BIJNI,BIJNI (CHIRANG)
Modified,02103,address.city,BIJNI,BIJNI (CHIRANG)
Modified,03496,address.line3,,NARAYAN NAGAR
Modified,03496,address.line1,WARD NO: 2,H.NO: 401
Modified,03496,address.line2,NARAYAN NAGAR,WARD NO: 2
Modified,04890,coords,"['17.9442840000', '74.0526910000']","['17.9433650000', '74.0508430000']"
Modified,04890,address.line3,TAL: KOREGAON,"WADGA, TAL: KOREGAON"
Modified,04890,address.line1,H NO: 19250,H NO: 354
Modified,04890,address.line2,BUS STOP ROAD,"BEHIND MAHADEV MANDIR, CHAVNESHWAR ROAD"
Modified,04036,address.line3,ASHA NAGAR,"NAGAR PALIKA ROAD, ASHA NAGAR"
Modified,04036,mobile,9918049207,"9918049207, 9569992378"
Modified,03732,address.line3,,B.K.PUBLIC SCHOOL WALI GALLI
Modified,03732,address.line2,NEAR  B.K.PUBLIC SCHOOL WALI GALLI,NEAR SHANI MANDIR
Modified,02647,name,THARA,THARA (BANASKANTHA)
Modified,02647,address.city,THARA,THARA (BANASKANTHA)
Modified,02647,address.line1,"'PAVAN DHAM', TAXASHILA SOCIETY","PAVAN DHAM, TAXASHILA SOCIETY"
Modified,01980,name,DUMKA,DUMKA (JH)
Modified,01980,address.city,DUMKA,DUMKA (JH)
Modified,04526,mobile,9451471834,"9451471834, 8299325259"
Modified,02911,coords,"['24.2286940000', '83.0489050000']","['24.2301930000', '83.0485330000']"
Modified,02911,address.line3,MURDHAWA,RENUKUT
Modified,02911,address.line1,OPP: BABAJI PETROL PUMP,"SHREYA COMPLEX, OPP: GOVIND PETROL PUMP"
Modified,02911,address.line2,DR. ANURADHA KHEMKA WALI GALI,MURDHAWA ROAD
Modified,02911,email,,renukutmurdhawa@bkivv.org
Modified,01508,contact,01675- 224160,
Modified,01508,name,DHURI,DHURI (SANGRUR)
Modified,01508,address.city,DHURI,DHURI (SANGRUR)
Modified,01508,mobile,9815030848,7973267207
Modified,02125,contact,07749- 212003,
Modified,02940,name,ROING,ROING (LOWER DIBANG VALLEY)
Modified,02940,address.city,ROING,ROING (LOWER DIBANG VALLEY)
Modified,01138,contact,07741- 232350,
Modified,01138,address.line1,SHIV JYOTI BHAWAN,"KHASRA NO: 79/15, SHIV JYOTI BHAWAN"
Modified,01138,mobile,"7828201076, 8349353638",8827342482
Modified,04261,contact,033-25862822,
Modified,04803,coords,"['22.7505020000', '88.3372380000']","['22.7553110000', '88.3365820000']"
Modified,04803,address.line3,G.T. ROAD,SERAMPORE
Modified,04803,address.line1,"H NO: 104/G, PARULALAY","H NO: 35/C/10, RAJYOGA BHAWAN"
Modified,04803,address.line2,NEAR GOPINATH SAHA BRIDGE (BELTING BAZAR SIDE,RAJA RAMMOHAN ROY SARANI
Modified,04803,mobile,7003144850,6289378488
Modified,01194,name,RAJAM,RAJAM (SRIKAKULAM)
Modified,04247,address.line3,MATHURA REFINERY NAGAR,"ADUKI ROAD, MATHURA REFINERY NAGAR"
Modified,04247,address.line2,NEAR SWARNA JAYANTI HOSPITAL,"KRISHNA VIHAR, NEAR SWARNA JAYANTI HOSPITAL"
Modified,04247,email,gopalpura.mat@bkivv.org,refinerynagar.mat@bkivv.org
Modified,04247,mobile,"8650720032, 8882550488","8650720032, 8650582383"
Modified,01893,contact,03759- 241683,
Modified,02074,contact,01743- 224100,
Modified,02626,contact,0761-4076722,
Modified,02626,address.line3,"OLD R.T.O ROAD, SOUTH CIVIL LINES",SOUTH CIVIL LINES
Modified,02626,address.line2,GOVIND BHAWAN COLONY,"GOVIND BHAWAN COLONY, OLD R.T.O ROAD"
Modified,03097,address.line3,TEH: BIDHUNA,"BIDHUNA ROAD, TEH: BIDHUNA"
Modified,00726,contact,01668-223655,
Modified,00726,address.line3,WARD NO. 3,
Modified,00726,address.line2,BRAHMA KUMARIS STREET,"BRAHMA KUMARIS STREET, WARD NO. 3"
Modified,01344,contact,02585- 246463,
Modified,01344,email,,faizpur@bkivv.org
Modified,03606,coords,"['22.9050930000', '78.0178826000']","['22.8890040000', '77.9554550000']"
Modified,03606,address.line1,"H.NO: 178, HOUSE OF SRI NARAYAN SINGH CHOWHAN","H.NO: 84, SHIV VARDANI BHAWAN"
Modified,03606,address.line2,KUTNASIR ROAD,AMON BAKTARA
Modified,04631,address.line3,SHIVNAGARI,"MAIN ROAD, SHIVNAGARI"
Modified,04484,coords,"['22.2059620000', '86.8973250000']","['22.1981020000', '86.8979230000']"
Modified,04484,address.line3,TEH: JHARGRAM,GOPIBALLAVPUR
Modified,04484,address.line1,PLOT NO: 975,GOPESWAR DHAM
Modified,04484,address.pincode,721101,721506
Modified,04484,address.line2,NEAR SUBARNAREKHA COLLEGE ROAD,"BARGI DANGA, DAKSHIN PALLI"
Modified,00663,mobile,,"9421249126, 8805066084"
Modified,00009,name,GUNA,GUNA (MP)
Modified,01338,mobile,"9730318500, 9420721349","9420721349, 9834193563"
Modified,00314,email,bhilai@bkivv.org,sector7.bhi@bkivv.org
Modified,01144,contact,07700-251367,
Modified,01144,email,dhamtari@bkivv.org,bknagricg@gmail.com
Modified,01144,mobile,"8815166545, 9131323971",8815166545
Modified,00596,mobile,"9490745839, 7976387004","9490745839, 9553146570"
Modified,03058,mobile,9430918537,"9430918537, 9110127506"
Modified,03058,section,00171,03058
Modified,01139,contact,07759- 232253,
Modified,01139,address.line1,DIAMOND JUBLEE BHAWAN,"DIAMOND JUBLEE BHAWAN, H NO: 8 IG-341"
Modified,04904,address.line2,"OPP: HI-TECH PLAZA, KALYAN VIHAR, PHASE-1","OPP: HI-TECH PLAZA, KALYAN VIHAR, PHASE-1, ROAD 2"
Modified,04477,address.line3,KADMA MARKET,KADMA MARKET ROAD
Modified,00471,contact,8222-252259,
Modified,04900,coords,"['21.0877830000', '79.9893400000']","['21.1028890000', '79.9894210000']"
Modified,04900,address.line3,"CIVIL WARD NO: 1, NH-6",KHAIRLANJI
Modified,04900,address.line1,"H NO: 225, BEHIND POLICE STATION","H NO: 231, SHIVPUSHPA SMRITI BHAWAN"
Modified,04900,address.line2,NEAR DR. RAJU KAPGATE HOSPITAL,YEKODI ROAD
Modified,04900,mobile,"8999337044, 8788190622","8999337044, 8010906792"
Modified,03379,coords,"['18.0129140000', '77.0041460000']","['18.0128030000', '77.0039640000']"
Modified,03379,address.line1,"H NO: 8-142, GURUNATH SHIVARUDRAPPA","H NO: 8-142/1, OM SHANTI BHAVAN"
Modified,03379,mobile,9972299463,"9972299463, 9113037562"
Modified,03543,name,GOMOH,GOMOH (DHANBAD)
Modified,03543,address.city,GOMOH,GOMOH (DHANBAD)
Modified,03514,address.line3,DHAMANGAON ROAD,
Modified,03514,address.line1,PLOT NO: 9,"PLOT NO: 9, DIVY PRAKASH BHAWAN"
Modified,03514,address.line2,DIVY PRAKASH BHAWAN,VIDGAON ROAD
Modified,03514,mobile,"9960977816, 8459260716",9960977816
Modified,02614,name,BORDI,BORDI (PALGHAR)
Modified,02614,address.city,BORDI,BORDI (PALGHAR)
Modified,02365,contact,02870-285608,
Modified,02173,address.line1,ATMA JYOTI BHAWAN,"ATMA JYOTI BHAWAN, PLOT NO: 410, KHATA NO: 113"
Modified,02173,mobile,8018380964,"8763478655, 9439030166"
Modified,05207,coords,"['26.6024300000', '79.4673680000']","['26.6032590000', '79.4687510000']"
Modified,05207,address.line3,DIBIYAPUR ROAD,"DIBIYAPUR ROAD, PHAPHUND"
Modified,05207,address.line1,H NO: 62,H/O: ARANDU GUPTA
Modified,05207,address.line2,CHAMANGANJ MOHALLA,NEAR GAS AGENCY
Modified,05207,mobile,"8077118282,  9756708195",8077118282
Modified,04170,coords,"['17.5924310000', '74.2000630000']","['17.5927600000', '74.2007420000']"
Modified,04170,address.line3,"ROKADESHWAR LN, TAL: KOREGAON","RAHIMATPUR, TAL: KOREGAON"
Modified,04170,address.line1,"H NO: 1293/2/2A, SHIVALAY","SURVEY NO: 1146, YASHWANT BUILDING"
Modified,04170,address.line2,"NEAR ADARSHA VIDYALAYA, DATTANAGAR","NEW PAWAR WADA, NEAR MALI GALI"
Modified,04170,mobile,"7776865557,  9423827563","7776865557, 9423827563"
Modified,02351,contact,0731-4213291,
Modified,02082,address.pincode,276138,276140
Modified,02082,mobile,"9455111368, 7991719548",7800867510
Modified,01195,contact,08565-248348,
Modified,01195,address.line2,NEAR RTC BUS STAND,"NEAR RTC BUS STAND, BALAJI ROAD"
Modified,04414,address.line2,"OPP: TIVOLI GARDEN, CHATTARPUR","OPP: TIVOLI GARDEN, CHATTARPUR ROAD"
Modified,03973,section,00171,03058
Modified,02966,name,KAIRU,KAIRU (BHIWANI)
Modified,02966,address.city,KAIRU,KAIRU (BHIWANI)
Modified,02966,address.line2,"NEAR BHARTIYA SCHOOL, OFF: MDR 110","NEAR BHARTIYA SCHOOL, OPP: MDR 110 ROAD"
Modified,02966,mobile,"9812866011, 9034576065",9812866011
Modified,00443,mobile,"9242376567, 9480122912","8431332977, 9480122912"
Modified,04373,name,BANDA,BANDA (SAGAR)
Modified,04373,address.city,BANDA,BANDA (SAGAR)
Modified,04873,name,TAL,TAL (RATLAM)
Modified,04873,address.city,TAL,TAL (RATLAM)
Modified,03715,mobile,"9451875638, 9838749949,7651849599","8887999028, 9451875638"
Modified,00916,name,BINA,BINA (SAGAR)
Modified,00916,address.line1,GYAN GANGA BHAVAN,"H NO: 327, GYAN GANGA BHAVAN"
Modified,01045,email,,naharlagun@bkivv.org
Modified,05131,address.line3,GOPALPUR PAL COLONY,"GOPALPUR ROAD, PAL COLONY"
Modified,04780,address.line2,NEAR MAHINDRA COMPANY,"NEAR MAHINDRA COMPANY, CHANKAN TALAWADE ROAD"
Modified,03919,coords,"['14.4656137000', '78.8188129000']","['14.4652400000', '78.8197200000']"
Modified,03919,address.line3,BALAJI NAGAR,BALAJI NAGAR - 2
Modified,03919,address.line1,"D NO:45/410, HOUSE OF HARI KUMARI",D NO:45/398-5
Modified,03919,address.line2,NEAR BY REGISTER OFFICE,ROAD NO : 2
Modified,03919,mobile,"9491940656, 9491930656",9491940656
Modified,00982,name,ARRAH,ARRAH (BHOJPUR)
Modified,00982,address.city,ARRAH,ARRAH (BHOJPUR)
Modified,03567,name,KAUL,KAUL (KAITHAL)
Modified,03351,name,EGRA,EGRA (PURBA MEDINIPUR)
Modified,03351,address.city,EGRA,EGRA (PURBA MEDINIPUR)
Modified,00595,contact,040- 24554056,
Modified,00595,address.line3,"AKBARBAGH, DAYANAND NAGAR, NEW MALAKPET","AKBARBAGH, PALTAN ROAD, DAYANAND NAGAR, NEW MALAKPET"
Modified,00595,address.line1,"INDRAPRASTH BHAWAN, H.NO: 16-2-147/1/1","H.NO: 16-2-147/1/1, INDRAPRASTH BHAWAN"
Modified,00595,mobile,"9396523404, 8331866701","9396523404, 7989959086"
Modified,01053,name,RAMGARH CANTT,RAMGARH (JH)
Modified,01053,address.line3,NEAR TRICON SHIVALAYA MANDIR,
Modified,01053,address.city,RAMGARH CANTT,RAMGARH (JH)
Modified,01053,address.line1,"SHREE RAJ COMPLEX, 1ST FLOOR","PLOT NO: 3337, 1ST FLOOR, SHREE RAJ COMPLEX"
Modified,01053,address.line2,NEHRU ROAD,"NEHRU ROAD, NEAR TRICON SHIVALAYA MANDIR"
Modified,00690,contact,022-25410640,
Modified,02397,address.line2,WARD NO:6,WARD NO:7
Modified,04227,name,SONEPAT RATHDHANA,SONIPAT NARENDRA NAGAR
Modified,04227,coords,"['28.9502944000', '77.0591130000']","['28.9717800000', '77.0315320000']"
Modified,04227,address.line3,"NEAR SHIV MANDIR, RATHDHANA, SECTOR-33",
Modified,04227,address.city,SONEPAT,SONIPAT
Modified,04227,address.line1,"H NO: 162, RUPAN PANA",H NO: 857
Modified,04227,address.line2,"OPP: BITTO SUNAR KI SHOP, NAREL ROAD","NARENDRA NAGAR, GALI NO: 06"
Modified,04227,email,,rathdhana.snp@bkivv.org
Modified,04227,mobile,"7838715158,  8816040477","7678313665, 9654466513"
Modified,05618,address.line3,"TRANSPORT NAGAR, PAYAGIPUR","TRANSPORT NAGAR, LUCKNOW HIGHWAY"
Modified,05618,address.line2,IN FRONT OF HONDA AGENCY,"IN FRONT OF HONDA AGENCY, TRANSPORT NAGAR, PAYAGIPUR"
Modified,05618,email,,transportnagar.sln@bkivv.org
Modified,05618,mobile,"9818560170, 9651591016","9818560170, 9532960170"
Modified,05353,name,HILSA,HILSA (NALANDA)
Modified,05353,address.city,HILSA,HILSA (NALANDA)
Modified,00970,mobile,"8433060129, 9027058612","9027058612, 8433060129"
Modified,02897,address.line3,TEH: FATEHGARH,"TEH: FATEHGARH, KANPUR ROAD"
Modified,02897,address.line1,"SHIV DHARSHAN BHAWAN, HOUSE NO: 94/110","H.NO: 94/110, SHIV DHARSHAN BHAWAN"
Modified,02897,mobile,9935770834,8416976276
Modified,01743,contact,05342-226226,
Modified,01743,address.line3,"KATRA ROAD, SAGARA","KATRA ROAD, SAGARA, TAL: KUNDA"
Modified,01743,mobile,"8808741488, 7393845610","8808741488, 9554522580"
Modified,02933,address.line1,SHIV ANUBHUTI BHAWAN,"SHIV ANUBHUTI BHAWAN, PLOT NO: 365-367, AND 469 TO 470"
Modified,02723,address.line1,GYAN MOTI BHAWAN,"KHASRA NO: 267/1, GYAN MOTI BHAWAN"
Modified,05282,address.line2,"SHIVAJI NAGAR, NEAR WATER TANK, RANIA","SHIVAJI NAGAR, NEAR WATER TANK, RANIA, KALPI ROAD"
Modified,02260,contact,05444- 223367,
Modified,02260,mobile,9452790170,"9452790170, 7355472144"
Modified,00665,contact,020- 25816777,
Modified,05627,section,00021,04384
Modified,01887,name,TAPA,TAPA (BARNALA)
Modified,01887,address.city,TAPA,TAPA (BARNALA)
Modified,05181,name,KOHIR,KOHIR (SANGAREDDY)
Modified,02572,name,TIVSA,TIVSA (AMRAVATI)
Modified,02572,address.line3,TIVSA,"WARD NO: 14, NAGPUR ROAD"
Modified,02572,address.city,TIVSA,TIVSA (AMRAVATI)
Modified,02572,address.line1,"PRABHU DARSHAN BHAWAN, WARD NO: 14","H.NO: 25, PRABHU DARSHAN BHAWAN"
Modified,02572,address.line2,"NEAR STATE BANK OF INDIA, NAGPUR ROAD",NEAR STATE BANK OF INDIA
Modified,05213,coords,"['29.1264370000', '77.0388390000']","['29.1462220000', '77.0455630000']"
Modified,05213,address.line3,G.T. ROAD,"BEGA ROAD, GANAUR"
Modified,05213,address.line1,"H NO: 63, BLOCK NO-C, DIVINE CITY","PLOT NO: 70, PRABHU MILAN BHAWAN"
Modified,05213,address.line2,NEAR MAHA KALIMATA MANDIR,"PANCHVATI COLONY, NEAR OM PUBLIC SCHOOL"
Modified,05246,name,GHEER,GHEER (KARNAL)
Modified,05246,address.city,GHEER,GHEER (KARNAL)
Modified,04393,address.line1,SHIV UPHAR BHAWAN,"SHIV UPHAR BHAWAN, PLOT NO: 61K"
Modified,04826,address.line1,"H NO: 667, WARD NO: 15","KHASRA NO: 5 CHN, WARD NO: 15"
Modified,04826,mobile,9024401344,"9024401344, 8209718968"
Modified,03134,name,MOHOL,MOHOL (SOLAPUR)
Modified,03134,address.city,MOHOL,MOHOL (SOLAPUR)
Modified,03134,address.line1,"PLOT NO:11, 'SHIV DARSHAN BHAWAN'","PLOT NO:11, SHIV DARSHAN BHAWAN"
Modified,03134,mobile,9421031154,"9421031154, 7666306270"
Modified,05336,mobile,"9475474829, 8637027194",8637027194
Modified,05018,name,MILAK,MILAK (RAMPUR)
Modified,01073,name,AHWA,AHWA (THE DANGS)
Modified,01073,address.city,AHWA,AHWA (THE DANGS)
Modified,03718,address.line1,PRABHU DARSHAN BHAWAN,"K.NO: 310432032003, PRABHU DARSHAN BHAWAN"
Modified,05418,address.line1,LALIT BHAWAN,"LALIT BHAWAN, 1ST FLOOR"
Modified,00888,address.line3,"15/197, CIVIL LINES",CIVIL LINES
Modified,00888,address.line1,'RATAN MAHAL',"CHAK NO: 15/197, RATAN MAHAL"
Modified,04957,section,00386,04997
Modified,03622,address.line1,SR NO-3/8A STREET NO-8,SR NO-3/8A
Modified,03622,address.line2,"NEAR SALAVE, LAXMI NAGAR","STREET NO-8, LAXMI NAGAR"
Modified,03347,contact,07233-248333,
Modified,05241,name,ITAWA,ITAWA (KOTA)
Modified,05241,address.city,ITAWA,ITAWA (KOTA)
Modified,05241,address.line1,"WARD NO-34, KHATOLI ROAD ","WARD NO-34, KHATOLI ROAD"
Modified,05241,address.line2,NEAR PETROL PUMP ,NEAR PETROL PUMP
Modified,02376,address.line3,TAL: FATEHGARH,"FATEHGARH ROAD, TAL: FATEHGARH"
Modified,02241,name,BANUR,BANUR (PATIALA)
Modified,02241,address.city,BANUR,BANUR (PATIALA)
Modified,02677,contact,01571- 231276,
Modified,02677,address.line1,"PRABHU MILAN BHAWAN, HOUSE NO: GI 5/97","PRABHU MILAN BHAWAN, H NO: GI 5/97"
Modified,00145,contact,03751- 269619,
Modified,00145,address.line1,MULIABARI BAZAR,"PLOT NO: 348, MULIABARI BAZAR"
Modified,04125,name,REHAN,REHAN (KANGRA)
Modified,04125,address.city,REHAN,REHAN (KANGRA)
Modified,03497,coords,"['18.5109520000', '73.7809190000']","['18.5109810000', '73.7808690000']"
Modified,03497,address.line1,"FLAT NO: 7, INDRANEEL GALAXY","FLAT NO: 6, INDRANEEL GALAXY"
Modified,03497,email,,bavdhan.pun@bkivv.org
Modified,03320,address.line2,"MAIN ROAD, BAZAR PETH","BAZAR PETH, MAIN ROAD"
Modified,03320,email,,nesari@bkivv.org
Modified,00056,address.line1,"DIVYA PRAKASH, C-33","DIVYA PRAKASH, BLOCK NO: C-33"
Modified,01753,name,AHORE,AHORE (JALORE)
Modified,01753,address.city,AHORE,AHORE (JALORE)
Modified,01753,mobile,"9468528477, 9057286409",9468528477
Modified,04906,name,SAHIBGANJ,SAHIBGANJ COURT ROAD
Modified,00398,name,KUDUR,KUDUR (RAMANAGARA)
Modified,01420,mobile,9403261711,"8160594611, 9537836211"
Modified,01494,name,BAHEL,BAHEL (BHIWANI)
Modified,01494,address.city,BAHEL,BAHEL (BHIWANI)
Modified,05408,section,00814,02245
Modified,02519,name,KADI,KADI (MEHSANA)
Modified,02519,address.city,KADI,KADI (MEHSANA)
Modified,04758,address.line2,NEAR (INDIAN OIL) NATIONAL PETROL PUMP,"NEAR (INDIAN OIL) NATIONAL PETROL PUMP, GALI NO-4"
Modified,04825,coords,"['28.7249290000', '78.2828910000']","['28.7262520000', '78.2931050000']"
Modified,04825,address.line3,,HASANPUR
Modified,04825,address.line1,HOUSE OF RAS BIHARI ADVOCATE,OM SHANTI BHAWAN
Modified,04825,address.line2,"AMBEDKAR CHOWK, CITY ROAD","OM SHANTI NAGAR, HASANPUR BYPASS ROAD"
Modified,04825,mobile,"6397406277, 8937074304",6397406277
Modified,02503,mobile,"9467025590, 7015920319","7015920319, 8930485526"
Modified,05069,address.line1,NEAR PATALESHWAR MANDIR,"H NO: 667, NEAR PATALESHWAR MANDIR"
Modified,00348,contact,07744-226370,
Modified,00348,address.line1,'VARDAN BHAWAN',VARDAN BHAWAN
Modified,00348,mobile,9425244940,"9425244940, 9827163104"
Modified,04034,address.line3,MAHESH NAGAR,"NEAR GANDHI CHOWRAHA, MAHESH NAGAR"
Modified,02052,contact,08474- 236976,
Modified,02052,address.line1,SHIVA SMRUTI BHAVAN,"NEW PLOT NO: 1-1-60/18, SHIVA SMRUTI BHAVAN"
Modified,02052,mobile,"9449718709, 8951051154",9449718709
Modified,01371,mobile,9396843484,8978333188
Modified,00693,contact,0251- 2525558,
Modified,03963,name,ZODGA,ZODGA (NASHIK)
Modified,03963,address.city,ZODGA,ZODGA (NASHIK)
Modified,04577,address.line1,"H NO: 2000, 'SWADARSHAN BHAWAN'","H NO: 2000, SWADARSHAN BHAWAN"
Modified,04229,address.line1,"NEAR BALAJI HOSPITAL, CHARTHAWAL BUS STAND","KHASRA NO: 199, NEAR BALAJI HOSPITAL"
Modified,04229,address.line2,SARASWATI VIHAR COLONY,"CHARTHAWAL BUS STAND, SARASWATI VIHAR COLONY"
Modified,02502,name,GIRAD,GIRAD (WARDHA)
Modified,02502,address.city,GIRAD,GIRAD (WARDHA)
Modified,02553,address.line3,"SARKANDA, NUTAN CHOWK","SARKANDA, WARD NO-63, NUTAN CHOWK"
Modified,02553,address.line1,"SHIV VARDANI BHAWAN, WARD NO-63","SHRIRAM VILA, H.NO: 741,"
Modified,02553,mobile,"9826825906, 9981006013","9981006013, 8770697022"
Modified,02553,section,00317,02553
Modified,04292,coords,"['12.8982070000', '77.5586720000']","['12.8945320000', '77.5600030000']"
Modified,04292,address.line3,"I.S.R.O LAYOUT,",I.S.R.O LAYOUT
Modified,04292,address.line1,"H NO: 403, SHREYAS, 6TH MAIN ROAD","H NO: 41, SHIVA DHAM, 6TH MAIN ROAD"
Modified,04292,address.line2,"14TH CROSS, OPP: NAVJYOTHI ELECTRICALS","BIKASIPURA, INSIGHT ACADEMY SCHOOL ROAD"
Modified,04292,mobile,7022093440,"7022093440, 7892411106"
Modified,03797,coords,"['27.7295906000', '78.6244164000']","['27.7293800000', '78.6276580000']"
Modified,03797,address.line3,,MIREHCHI
Modified,03797,address.line1,MAREHRA ROAD,"GATTA NO: 498, GANGAPUR"
Modified,03797,address.line2,NEAR POLICE CHAUKI,JINHAIRA ROAD
Modified,03797,email,,mirehchi@bkivv.org
Modified,03797,mobile,09536929295,9536929295
Modified,03874,name,TALEN,TALEN (RAJGARH)
Modified,03874,address.city,TALEN,TALEN (RAJGARH)
Modified,01589,contact,02933-220734,
Modified,02843,contact,0674-2585907,
Modified,02504,contact,01662- 296811,
Modified,00112,address.line3,,"STREET NO. 1, INDRA COLONY"
Modified,00112,address.line1,'RAJYOGA BHAWAN',RAJYOGA BHAWAN
Modified,00112,address.line2,"INDRA COLONY, STREET NO. 1","BALAJI DWAR, NEAR KRISHNA INTER COLLEGE"
Modified,00560,name,ARVI,ARVI (WARDHA)
Modified,00560,address.line3,SRIRAM WARD NO: 16-4,SRIRAM WARD NO:16-4
Modified,00560,address.city,ARVI,ARVI (WARDHA)
Modified,00560,mobile,"9049941677, 9923608477","9923608477, 9834526530"
Modified,05116,address.line1,HOUSE OF RAMESH SARDA,"H.NO: 957, HOUSE OF RAMESH SARDA"
Modified,00616,mobile,9422590321,"9284443927, 8793193283"
Modified,02648,coords,"['28.4620880000', '77.5334690000']","['28.4599402000', '77.5450490000']"
Modified,02648,address.line1,BLOCK B-248,"BLOCK E-22A, PAAWAN DHAM"
Modified,02648,address.line2,"SECTOR-31, 6TH STREET","4TH CROSS STREET, SECTOR - 36"
Modified,02648,mobile,"9650692066, 8384085133","9650692066, 9810954997"
Modified,01252,mobile,"8105661172, 9448162347",8105661172
Modified,03471,name,TURA,TURA (WEST GARO HILLS)
Modified,03471,address.city,TURA,TURA (WEST GARO HILLS)
Modified,04943,district,MEDCHAL,MEDCHAL-MALKAJGIRI
Modified,04943,address.line3,"BEHIND BIG BAZAR, ",BEHIND BIG BAZAR
Modified,04943,address.line2,NR.SUREKHA HOSPITAL,SUREKHA HOSPITAL ROAD
Modified,04943,mobile,"9550864367, 7989311228",9550864367
Modified,00579,mobile,"9421460518, 9503111139",9503111139
Modified,05613,coords,"['18.4783280000', '73.8194300000']","['18.4799010000', '73.8212510000']"
Modified,05613,address.line1,"FLAT NO-C/8, KAPRE GARDEN","FLAT NO:21, SAI HEIGHTS"
Modified,05613,address.line2,SUN CITY ROAD,"SUN CITY ROAD, NEAR SHANI MARUTI MANDIR"
Modified,05613,email,,anandnagar.pun@bkivv.org
Modified,05613,mobile,"9860309530, 7028792665",9860309530
Modified,02105,coords,"['12.3375401000', '76.5815766000']","['12.3389440000', '76.5826940000']"
Modified,02105,address.line3,"ROTARY SCHOOL ROAD, HOOTAGALLI",HOOTAGALLI
Modified,02105,address.line1,"D NO: 161, M.I.G-1","D NO: 46, H.I.G, GROUP-4, PHASE-2"
Modified,02105,address.line2,"GROUP- 4, KHB COLONY","KHB COLONY, NEAR SARASWATI CONVENTION HALL"
Modified,02105,email,,hootagalli.mys@bkivv.org
Modified,02105,mobile,"7760914929, 9343268418",7760914929
Modified,01130,name,GEVRA,GEVRA (KORBA)
Modified,01130,address.city,GEVRA,GEVRA (KORBA)
Modified,00024,contact,07364- 226071,
Modified,00024,address.line3,WARD NO: 17,"NAGA NAGANI ROAD, WARD NO: 17"
Modified,00024,address.line1,SHIV VARDANI DHAM,"SHIV VARDANI DHAM, H NO: 30"
Modified,00024,address.line2,HARAYAPURA,"NEAR DR. BHAWSAR HOSPITAL, HARAYAPURA"
Modified,00568,address.line3,,"NEAR GANDHI PUTALA, BEHIND GREEN LEAF HOTEL"
Modified,00568,address.line1,"HOUSE NO: 3984, PLOT NO: 3, RAJA YOGA BHAVAN","H NO: 3984, PLOT NO: 3, RAJA YOGA BHAWAN"
Modified,00568,address.line2,"NEAR D.S GROUND, YAWAL ROAD","DR.BABASAHEB AMBEDKAR MAIDAN, YAWAL ROAD"
Modified,03858,name,URGA,URGA (KORBA)
Modified,03858,address.city,URGA,URGA (KORBA)
Modified,00583,contact,02562- 221930,
Modified,00583,address.line1,"PEACE PALACE, H.NO: 113","H.NO: 113, PEACE PALACE"
Modified,03393,name,GODDA,GODDA (JH)
Modified,03393,address.city,GODDA,GODDA (JH)
Modified,04495,coords,"['19.3865340000', '76.0604450000']","['19.3992460000', '76.0547950000']"
Modified,04495,address.line3,TAL: GHANSAWANGI,"KUMBHAR PIMPALGAON, TAL: GHANSAWANGI"
Modified,04495,address.line1,"H.NO: 60, GOVIND NIWAS",GAT NO: 63
Modified,04495,address.line2,GANPATI MANDIR ROAD,"AADARSH NAGAR, AMBAD - PATHRI ROAD"
Modified,04495,email,,kumbharpimpalgaon@bkivv.org
Modified,04495,mobile,"9403757226,  9623232267","9403757226, 8485816608"
Modified,03966,name,LODAM,LODAM (JASHPUR)
Modified,03966,address.city,LODAM,LODAM (JASHPUR)
Modified,00570,mobile,9448604644,"9513115529, 9513096360"
Modified,00021,contact,07582- 263267,
Modified,00021,address.line3,MAKRONIA ,MAKRONIA
Modified,00021,address.line1,OM SHANTI BHAWAN,"H NO: 1063, OM SHANTI BHAWAN"
Modified,00021,address.line2,PRABHAKAR NAGAR,"PRABHAKAR NAGAR, GALI NO-3, WARD NO-2"
Modified,05115,name,ZARI,ZARI (PARBHANI)
Modified,04699,address.line1,PRABHU PASAND BHAWAN,"PRABHU PASAND BHAWAN, KHASRA NO: 243"
Modified,04699,mobile,"8574399812,  9450693938","8574399812, 9450693938"
Modified,01384,contact,02169-225675,
Modified,01384,address.line2,PUNE SATARA ROAD,"PUNE SATARA ROAD, NEAR OM MANDIR"
Modified,01384,mobile,9890964475,9970197906
Modified,02066,address.line1,VARDANI BHAWAN,"H.NO: 1505, VARDANI BHAWAN"
Modified,00353,address.line1,"GYAN DEEP BHAWAN, B.K.ROAD","H.NO: 003, GYAN DEEP BHAWAN, B.K.ROAD"
Modified,01992,contact,1507-222269,
Modified,01027,name,JIRAL,JIRAL (DHENKANAL)
Modified,01027,address.line3,MARTHAPUR,"MARTHAPUR, HUA SAHI"
Modified,01585,contact,01537-231405,
Modified,01585,mobile,"9929012025, 9414092652",9929012025
Modified,05497,address.line2,AMBIKA NAGAR,"AMBIKA NAGAR, PUNE -SOLAPUR HIGHWAY ROAD"
Modified,00337,contact,0744-2385116,
Modified,00337,address.line2,ABOVE RASHTRADOOT PRESS,"ABOVE RASHTRADOOT PRESS, SURAJ POL GATE"
Modified,02734,contact,01652- 251483,
Modified,03066,name,PAKUR,PAKUR (JH)
Modified,03066,address.city,PAKUR,PAKUR (JH)
Modified,03066,address.line2,"ANNAPURNA COLONY, NEAR RADHE KRISHNA MANDIR","ANNAPURNA COLONY, NEAR RADHE KRISHNA MANDIR ROAD"
Modified,03329,address.line1,"H NO: 1-308, SHIV SMRUTI BHAWAN","H NO: 1-308, VARDANI BHAWAN"
Modified,01952,district,Osmanabad,DHARASHIV
Modified,01952,name,OSMANABAD Z.P. COLONY,DHARASHIV Z.P. COLONY
Modified,01952,address.city,OSMANABAD,DHARASHIV
Modified,02762,name,GORMI,GORMI (BHIND)
Modified,02762,address.city,GORMI,GORMI (BHIND)
Modified,01340,contact,02364-261192,
Modified,03901,mobile,9434442138,"9434442138, 8902694801, 7003795543"
Modified,03233,contact,033- 25231213,
Modified,03233,coords,"['22.6988210000', '88.3696197000']","['22.6958690000', '88.3669950000']"
Modified,03233,address.line3,"RAJA RAM CHAND GHAT ROAD, PANIHATI","TAL: BARRACKPORE, PANIHATI"
Modified,03233,address.line1,HOUSE OF SANDHYA GHOSH,"H.NO: 22/1/AA, LIGHT HOUSE"
Modified,03233,address.line2,"(BY LANE, NEAR MOUCHAK CLUB)",UMACHARAN CHATTERJEE ROAD
Modified,03233,mobile,"9874200984, 9239962553",9874200984
Modified,03992,name,ADRA,ADRA (PURULIA)
Modified,03992,address.city,ADRA,ADRA (PURULIA)
Modified,00959,contact,05924- 254592,
Modified,00909,contact,05362-221720,
Modified,02657,contact,02366-262754,
Modified,03620,address.line1,BARVETA SADAN,"BARVETA SADAN, HOUSE NO: 234"
Modified,03620,address.line2,JHANDA BAZAR,"JHANDA BAZAR, MAHATMA GANDHI ROAD"
Modified,04027,mobile,9368047069,6399847069
Modified,01137,contact,"07622-224323, 245081",
Modified,01137,address.line1,'OM SHANTI BHAWAN',"KHASRA NO: 188, 45/2, 'OM SHANTI BHAWAN'"
Modified,01137,address.line2,NEW ACC COLONY,"HEMU COLONY WARD, NEW ACC COLONY"
Modified,01137,mobile,8827002929,"8269367895, 8827002929"
Modified,03285,name,FARAH,FARAH SAHISARI MOHALLA
Modified,03285,address.city,FARAH,FARAH SAHISARI MOHALLA
Modified,02181,contact,08585- 223353,
Modified,02181,address.line3,,RAMAYYA NAIDU COLONY
Modified,02181,address.line1,RAMAYYA NAIDU COLONY,H NO: 15/11
Modified,02181,address.line2,,RAILWAY ROAD
Modified,01745,contact,0515- 2821338,
Modified,03094,section,01569,03094
Modified,02589,name,SARIA,SARIA (RAIGARH)
Modified,02589,address.city,SARIA,SARIA (RAIGARH)
Modified,04387,address.line1,KHASRA NO: 354/52,"KHASRA NO: 354/52, DIVYA ANUBHUTI BHAWAN"
Modified,04387,mobile,8109181262,7947961280
Modified,02160,mobile,"6394936957, 8543081969",9450949271
Modified,01197,address.line3,GOPINATHA PURAM,GOPINATHA PURAM STREET
Modified,05201,name,KELOD,KELOD (NAGPUR)
Modified,00627,contact,022- 22410363,022- 40158791
Modified,00627,address.line3,"ATMARAM MERCHANT ROAD, BHULESHWAR",BHULESHWAR
Modified,00627,address.line2,"25/31, LALMANI BUILDING","25/31, LALMANI BUILDING, ATMARAM MERCHANT ROAD"
Modified,00627,mobile,"9930490212, 8652515368","9930490212, 9323598699"
Modified,02412,contact,05111- 283032,
Modified,02412,name,RURA,RURA (KANPUR DEHAT)
Modified,02412,address.city,RURA,RURA (KANPUR DEHAT)
Modified,02412,address.line1,"SHIV VARDANI BHAWAN, H.NO: 78","H.NO: 78, SHIV VARDANI BHAWAN"
Modified,00709,contact,07229-234073,
Modified,05002,address.line2,"CHAMAN MARKET, NEW BASTI","CHAMAN MARKET, NEW BASTI, WARD NO-9"
Modified,04033,address.line1,C/O AMARNATH SHUKLA,"C/O AMARNATH SHUKLA, H NO: 40"
Modified,04033,address.line2,"SDM COLONY, OPP: SDM HOUSE","SDM COLONY, OPP: SDM HOUSE, SARUVANPUR ROAD"
Modified,00658,name,PALUS,PALUS (SANGLI)
Modified,00658,address.city,PALUS,PALUS (SANGLI)
Modified,01196,contact,08942-224777,
Modified,01196,address.line3,,"C.B. ROAD, OLD SRIKAKULAM"
Modified,01196,address.line1,"DOOR NO: 14-9-78/2, C.B. ROAD",DOOR NO: 14-9-78/2
Modified,01196,address.line2,"MAVURI STREET, OLD SRIKAKULAM",MAVURI STREET
Modified,04249,name,RAHU,RAHU (PUNE)
Modified,04249,coords,"['18.5723790000', '74.2703540000']","['18.5720010000', '74.2713790000']"
Modified,04249,address.line3,TAL: DAUND,"RAHU, TAL: DAUND"
Modified,04249,address.city,RAHU,RAHU (PUNE)
Modified,04249,address.line1,"H NO: 86/1, NEAR MARUTI MANDIR","CS NO: 186, JANAK SARITA BHAWAN"
Modified,04249,address.line2,MAIN CHOUWK & MAIN ROAD,"KUMBHAR WADA CHAUK, NEAR MAHADEV MANDIR"
Modified,04249,mobile,"9049879368,  9284200556","9284200556, 9049879368"
Modified,01373,name,KATOL,KATOL (NAGPUR)
Modified,01373,mobile,8275867556,"8275867556, 9529560976"
Modified,01151,name,SAKTI,SAKTI (JANJGIR-CHAMPA)
Modified,01151,address.city,SAKTI,SAKTI (JANJGIR-CHAMPA)
Modified,01799,contact,0731- 2798534,
Modified,04270,name,BELDA,BELDA (PASCHIM MEDINIPUR)
Modified,04270,address.city,BELDA,BELDA (PASCHIM MEDINIPUR)
Modified,00766,address.line1,RAJ YOG BHAWAN,"H.NO: 54, RAJ YOG BHAWAN"
Modified,00766,address.line2,NEAR JAIN MANDIR,"NEAR JAIN MANDIR, SHIV MANDIR ROAD"
Modified,00766,email,,moonak@bkivv.org
Modified,01203,contact,02383-220067,
Modified,01203,name,AUSA,AUSA (LATUR)
Modified,03315,address.line1,SHIVRATNA,"SR.NO: 380/1 AM.NO.986, SHIVRATNA"
Modified,02563,name,PURNA,PURNA (PARBHANI)
Modified,02563,address.city,PURNA,PURNA (PARBHANI)
Modified,05136,address.line2,NEAR RADHA KRISHNA MANDIR,"NEAR RADHA KRISHNA MANDIR, MADHA ROAD"
Modified,01913,email,,allahpur.ald@bkivv.org
Modified,01913,mobile,09335064311,8318936331
Modified,05586,name,SUNEL,SUNEL (JHALAWAR)
Modified,05586,address.city,SUNEL,SUNEL (JHALAWAR)
Modified,01978,name,PANNA,PANNA (MP)
Modified,01978,address.city,PANNA,PANNA (MP)
Modified,02571,name,KUDAL,KUDAL (SINDHUDURG)
Modified,02571,address.city,KUDAL,KUDAL (SINDHUDURG)
Modified,03195,coords,"['18.2374120000', '77.1772150000']","['18.2387170000', '77.1770760000']"
Modified,03195,address.line3,"BESIDE HANUMAN TEMPLE, TAL: AURAD (B)",BEHIND BIRADAR COMPLEX
Modified,03195,address.line1,PLOT NO: 64,"PLOT NO: 69, OM NILAYA"
Modified,03195,address.line2,"SONA ROAD, INDIRA NAGAR COLONY","KAMALNAGAR BUSSTAND, UDGIR ROAD"
Modified,03195,email,rampurecolony.bdr@bkivv.org,kamalnagar@bkivv.org
Modified,03195,mobile,9845913473,"9845913473, 7829421690"
Modified,01394,contact,07253-233155,
Modified,01394,address.line1,"H.NO: 29, 'SHANTI KUNJ BHAVAN'","H.NO: 29, SHANTI KUNJ BHAVAN"
Modified,01119,name,BASSI,BASSI (JAIPUR)
Modified,01119,address.line1,VISHWA KALYAN BHAWAN,"H.NO:2, VISHWA KALYAN BHAWAN"
Modified,01119,address.line2,"H.NO:2, NEAR RAILWAY STATION ROAD",NEAR RAILWAY STATION ROAD
Modified,01912,address.line3,BEHIND TEHSIL,"BEHIND TEHSIL OFFICE, POWER HOUSE ROAD"
Modified,01912,address.line1,"SHIV SHAKTI BHAWAN, H.NO: 160","H.NO: 160, SHIV SHAKTI BHAWAN"
Modified,01912,address.line2,MOHALLA GOVIND DAS,GOVIND DAS MOHALLA
Modified,02395,contact,"0120-2906373, 2880909",0120-2880909
Modified,02395,mobile,"9319681135, 9910521625",9319681135
Modified,04497,district,Karimganj,SRIBHUMI
Modified,04497,address.line3,WARD NO-3,
Modified,04497,address.line1,DIVYA PRAKASH HOUSE,"H.NO: 795, DIVYA PRAKASH HOUSE"
Modified,04497,address.line2,RETIREMENT COLONY,"RETIREMENT COLONY, WARD NO-3"
Modified,01628,contact,0532-2505191,
Modified,01628,address.line1,"'SHIV SHAKTI BHAWAN', H.NO: 117/3E","H.NO: 117/3E, SHIV SHAKTI BHAWAN"
Modified,01628,mobile,"8853973480, 9450404514",8318000130
Modified,01891,contact,0532-2417428,
Modified,01891,address.line1,"'TRIVENI BHAWAN', H.NO:4","H.NO:4, TRIVENI BHAWAN"
Modified,01891,mobile,09450404514,9450404514
Modified,00004,address.line3,KAMALI MANDIR ROAD,WARD NO-19
Modified,00004,address.line1,'DURGA BHAWAN' 1ST FLOOR,"'DURGA BHAWAN' 1ST FLOOR, H NO: 12"
Modified,00004,address.line2,NEW SABZIMANDI,"NEW SABZIMANDI, KAMALI MANDIR ROAD"
Modified,00004,mobile,"8234978392,9407282716","8234978392, 9407282716"
Modified,01586,name,SADRI,SADRI (PALI)
Modified,01586,address.city,SADRI,SADRI (PALI)
Modified,04997,section,00393,04997
Modified,02405,name,BUXAR,BUXAR (BHR)
Modified,02405,address.city,BUXAR,BUXAR (BHR)
Modified,02405,address.line1,PARMATM ANUBHUTI BHAWAN,"PARMATM ANUBHUTI BHAWAN, KHASRA NO: 71/52"
Modified,02405,address.line2,"DEFENCE COLONY, BABA NAGAR","DEFENCE COLONY, BABA NAGAR, GALI NO-4"
Modified,00880,contact,05692-290093,
Modified,00880,address.line1,"H NO: 34, 'SEARCH LIGHT BHAWAN'","H NO: 34, SEARCH LIGHT BHAWAN"
Modified,05415,address.line3,WARD NO-12,"BEMETARA ROAD, WARD NO-12"
Modified,04488,name,GARRA,GARRA (BALAGHAT)
Modified,04488,address.city,GARRA,GARRA (BALAGHAT)
Modified,02668,contact,02329-234082,
Modified,04807,contact,,07184-252168
Modified,04807,address.line1,RAJYOGA ANUBHUTI KENDRA,"RAJYOGA ANUBHUTI KENDRA, H NO: 120/2/3"
Modified,04807,address.line2,RAMTEK ROAD,"RAMTEK ROAD, H.P. PETROL PUMP, NEAR IDBI BANK"
Modified,04807,email,,khokarla.bhn@bkivv.org
Modified,00580,contact,07199- 225907,
Modified,00580,mobile,"9765188314, 9158807331",9604587340
Modified,04892,mobile,9421183057,8788340116
Modified,04932,name,GURLA,GURLA (VIZIANAGARAM)
Modified,04932,address.city,GURLA,GURLA (VIZIANAGARAM)
Modified,04932,address.line2,BESIDE GOVT. HIGH SCHOOL,GOVT. HIGH SCHOOL ROAD
Modified,00886,contact,05262- 231031,
Modified,00886,name,GONDA,GONDA (UP)
Modified,00886,mobile,9118235905,"9118235905, 8707047183"
Modified,01011,contact,03753- 225323,
Modified,01011,mobile,"9707899481, 7896158982",6000706344
Modified,05374,name,MANPUR,MANPUR (CG)
Modified,05543,address.line3,"NEAR BUS STAND, SHANTI NAGAR","BUS STAND ROAD, SHANTI NAGAR"
Modified,05193,name,MAHUR,MAHUR (NANDED)
Modified,05193,address.city,MAHUR,MAHUR (NANDED)
Modified,00684,contact,040- 27016748,
Modified,00684,mobile,9490422701,7981102983
Modified,03544,address.line1,ARYA SAMAJ MANDIR ROAD,"H NO: 119, ARYA SAMAJ MANDIR ROAD"
Modified,04021,coords,"['20.3498650000', '85.1823570000']","['20.3608640000', '85.1910840000']"
Modified,04021,address.line3,"TAL: KHANDAPADA, WARD NO: 25",TAL: KHANDAPADA
Modified,04021,address.line1,"H NO: 2963, NEAR KANSARI SOCIETY HALL",KHUDBEHERA PATANA
Modified,04021,address.line2,"HANUMAN MANDIR ROAD, AT- KUNJABIHARIPUR PATANA","NEAR HANUMAN MANDIR, WARD NO: 12"
Modified,04021,email,,kantilo@bkivv.org
Modified,04021,mobile,"9937162394, 9348638294","9348638294, 9937162394"
Modified,04341,mobile,9761187519,"9761187519, 9410667136"
Modified,04038,name,NAGDA,NAGDA (UJJAIN)
Modified,04038,address.city,NAGDA,NAGDA (UJJAIN)
Modified,00764,name,MOGA,MOGA (PB)
Modified,00764,address.city,MOGA,MOGA (PB)
Modified,00089,contact,0130- 2461379,
Modified,00089,address.line1,NEW BASANT ENCLAVE,"PLOT NO: 42, 43, NEW BASANT ENCLAVE"
Modified,01335,name,BHOR,BHOR (PUNE)
Modified,01335,coords,"['18.1457640000', '73.8454540000']","['18.1458850000', '73.8484540000']"
Modified,01335,address.line3,SHRIPATI NAGAR,BHOR
Modified,01335,address.city,BHOR,BHOR (PUNE)
Modified,01335,address.line1,HOUSE OF SATISH B.MANGRULE,C/O DIPAK SADASHIV GHANE
Modified,01335,address.line2,ZONE NO:2,"NEAR JUNI TALIM, VETAL PETH"
Modified,01335,mobile,"8308602998, 9271493185","8308602998, 8805270466"
Modified,01795,email,smritinagar.bia@bkivv.org,smritinagar.bhi@bkivv.org
Modified,01375,name,KHED,KHED (RATNAGIRI)
Modified,01375,address.city,KHED,KHED (RATNAGIRI)
Modified,03397,name,GANIA,GANIA (NAYAGARH)
Modified,01991,contact,01826-252894,
Modified,01991,name,APRA,APRA (JALANDHAR)
Modified,01991,address.city,APRA,APRA (JALANDHAR)
Modified,01991,mobile,9463764478,"9463764478, 6239615349"
Modified,00564,contact,02442-222915,
Modified,00564,name,BEED,BEED ADARSH NAGAR
Modified,00564,address.line3,"S. NO: 68, PANGRI ROAD",
Modified,00564,address.line1,'DIVYA DARSHAN BHAWAN',"1/5-392, S.NO: 68, 'DIVYA DARSHAN BHAWAN'"
Modified,00564,address.line2,"1/5-392, ADARSH NAGAR","ADARSH NAGAR, PANGRI ROAD"
Modified,00195,contact,03712-236853,
Modified,00179,address.line2,"DIRA PER, RAJA MALI KA KUCHA","DIRA PER, RAJA MALI KA KUCHA, BARI KI GALI"
Modified,04832,mobile,8968089640,"9417151540, 8968089640"
Modified,02034,address.line3,,BYPASS ROAD
Modified,02034,address.line1,"MAHADHANI BHAWAN, VADAN TOLA","H.NO:56, MAHADHANI BHAWAN"
Modified,02034,address.line2,BYPASS ROAD,VADAN TOLA
Modified,04690,address.line3,"ULWE, PO: VAHAL","NEAR ISHWAR BREEZE SOCIETY, PO: VAHAL"
Modified,04690,address.line1,"FLAT NO: 101,102,103, DIVINE VILLA","DIVINE VILLA SOCIETY, FLAT NO: 101,102,103, PLOT NO: 97/98"
Modified,04690,address.line2,SECTOR 17,"SECTOR 17, ULWE NAVI MUMBAI KHARKOPAR RAILWAY STATION ROAD"
Modified,03648,name,MURUM,MURUM (DHARASHIV)
Modified,03648,address.city,MURUM,MURUM (DHARASHIV)
Modified,02329,name,KADA,KADA (BEED)
Modified,02329,address.city,KADA,KADA (BEED)
Modified,03046,name,BARAN  KRISHNA COLONY,BARAN KRISHNA COLONY
Modified,04351,coords,"['23.3023450000', '78.4457650000']","['23.2958550000', '78.4493090000']"
Modified,04351,address.line3,"SAGAR ROAD, WARD NO: 13","NEAR MAA SHARDA COLLEGE, SILWANI"
Modified,04351,address.line1,"H NO: 200, CHOURASIYA SADAN",SHIV PARMATM ANUBHUTI BHAWAN
Modified,04351,address.line2,OPP THRIMURTHI JAIN MANDIR,"SHIVLOK COLONY PHASE 1, UDAIPURA ROAD"
Modified,04351,email,,silwani@bkivv.org
Modified,04351,mobile,9584921009,"9584921009, 6265014095"
Modified,05006,address.line3,"MUTTHAWAS, TAL: MAKRANA",TAL: MAKRANA
Modified,05006,address.line2,"SADAR BAZAR, BEHIND RAGHUNATH TEMPLE","SADAR BAZAR, BEHIND RAGHUNATH TEMPLE, MUTTHAWAS"
Modified,04724,address.line3,MAHAVIR COLONY,"MAHAVIR COLONY, JWALA CHOWK"
Modified,03550,section,01569,03094
Modified,01549,address.line1,SUKH SHANTI BHAVAN,"H.NO: 2206/18, SUKH SHANTI BHAVAN"
Modified,00103,contact,01232-243135,
Modified,01898,name,MOUDA,MOUDA (NAGPUR)
Modified,01898,address.city,MOUDA,MOUDA (NAGPUR)
Modified,03771,address.line1,SHIVA DARSHAN BHAWAN,"PLOT NO: 15,16, SHIVA DARSHAN BHAWAN"
Modified,04061,name,NIRA,NIRA (PUNE)
Modified,04061,address.city,NIRA,NIRA (PUNE)
Modified,04061,email,,nira@bkivv.org
Modified,05295,name,MATI,MATI (KANPUR DEHAT)
Modified,05295,address.line3,"NABIPUR, TAL: AKBERPUR",TAL: AKBERPUR
Modified,05295,address.city,MATI,MATI (KANPUR DEHAT)
Modified,05295,address.line1,SHARMA'S HOUSE,"SHARMA'S HOUSE, H NO: 123"
Modified,05295,address.line2,NEAR SHIVA MANDIR,"NEAR SHIVA MANDIR, NABIPUR, MATI CHOURAH"
Modified,04618,address.line3,NEAR NIRANKARI BHAWAN,GOLA ROAD
Modified,04618,address.line2,GOLA ROAD,NEAR NIRANKARI BHAWAN
Modified,04618,email,,mohammdi@bkivv.org
Modified,04618,mobile,"9451025827,  7800591980","9451025827, 8400007508"
Modified,04970,coords,"['18.3664390000', '83.4491920000']","['18.3664210000', '83.4494700000']"
Modified,04970,address.line3,"KOMATIPALLI-GARBHAM ROAD, MAN: MERAKAMUDIDAM","KOMATIPALLI-GARBHAM ROAD, TAL: MERAKAMUDIDAM"
Modified,04970,address.line1,D NO: 10-62,D NO: 77-4
Modified,05134,name,DHROL,DHROL (JAMNAGAR)
Modified,05134,address.city,DHROL,DHROL (JAMNAGAR)
Modified,04099,email,,nagothane@bkivv.org
Modified,03870,mobile,9902625832,"9743363463, 8618263064"
Modified,01067,contact,03752- 263128,
Modified,03831,address.line1,SHIV VARDANI BHAWAN,"R 2-18239, SHIV VARDANI BHAWAN"
Modified,04401,coords,"['26.7384428000', '88.3594646000']","['26.7392570000', '88.3638910000']"
Modified,04401,address.line3,"KHAPRAIL CROSS ROAD, NEMAI, PS: MATIGARA","NEMAI, PO: MATIGARA"
Modified,04401,address.line1,"P.NO: RS-133, LR-298","MEDITATION CENTER, GURIYA JOTE"
Modified,04401,address.line2,LAST GATE OF MOTHER DAIRY CULCUTTA,UJJWAL NAGAR
Modified,04401,mobile,8001923643,"7029909736, 8001923643"
Modified,02081,name,KALAN,KALAN (SHAHJAHANPUR)
Modified,02081,address.city,KALAN,KALAN (SHAHJAHANPUR)
Modified,01135,contact,07793- 270891,
Modified,01135,address.line3,NIRANJAN WARD,"NIRANJAN WARD, SUBHAM COLONY"
Modified,01135,address.line2,SHUBHKARAN KA BAGICHA,"NEAR ALKA TALKIES, BSL SCHOOL ROAD"
Modified,05178,address.line1,"MALTI NIWAS, NEAR RAILWAY FIELD","PLOT NO: 861, MALTI NIWAS, NEAR RAILWAY FIELD"
Modified,02490,contact,05740- 259016,
Modified,03178,name,MURUD,MURUD (LATUR)
Modified,03178,address.city,MURUD,MURUD (LATUR)
Modified,04653,address.line1,"HOUSE OF RAJIV GUPTA, WARD NO-15","H NO: 55, HOUSE OF RAJIV GUPTA, WARD NO-15"
Modified,04654,name,NUAPADA,NUAPADA RADHAKRISHNA PARA
Modified,00079,name,DELHI SHALIMAR BAGH,DELHI SHALIMAR BAGH (EAST)
Modified,00079,address.line3,,SHALIMAR BAGH
Modified,00079,address.line1,H.NO: AM-189,"H.NO: AM-189, NEAR D-MALL"
Modified,00079,address.line2,SHALIMAR BAGH,KENDRIYA VIDYALAY WALI GALI
Modified,03914,name,KOVUR,KOVUR (NELLORE)
Modified,04948,name,UNAVA,UNAVA (MEHSANA)
Modified,04948,address.city,UNAVA,UNAVA (MEHSANA)
Modified,02325,contact,0731- 2610716,
Modified,03021,address.line3,,MAIN ROAD
Modified,03021,address.line1,MAIN ROAD,"H.NO: 168/1975, DIVYA ANUBHUTI BHAVAN"
Modified,03021,address.line2,,NEW BUS STAND
Modified,04942,coords,"['17.4051580000', '78.5444020000']","['17.4049060000', '78.5426720000']"
Modified,04942,address.line3,"SHOBHANA NAGAR, HABSIGUDA","JSN COLONY, HABSIGUDA"
Modified,04942,address.line1,H NO: 7-10/6A,H NO: 1-7-23/48
Modified,04942,address.line2,OPP: ROAD ISI BUS STOP,"STREET 8, COMMUNITY HALL ROAD"
Modified,04942,mobile,"7989938306, 9490745839","8499952369, 7989938306"
Modified,02732,contact,0731-2575575,
Modified,02732,address.line3,"RING ROAD, NIPANIA",
Modified,02732,address.line2,SAMAR PARK COLONY,"SAMAR PARK COLONY, RING ROAD NIPANIA"
Modified,04879,address.line2,MAHATMA GANDHI WARD NO-2,"MAHATMA GANDHI WARD NO-2, SAGAR ROAD"
Modified,01448,mobile,"9440881067, 7799681090",9513096360
Modified,01398,mobile,"9730318500, 9834984175",9730318500
Modified,04390,name,KHAGA,KHAGA (FATEHPUR)
Modified,04390,address.city,KHAGA,KHAGA (FATEHPUR)
Modified,03556,name,KADMA,KADMA (BHIWANI)
Modified,03556,address.city,KADMA,KADMA (BHIWANI)
Modified,00878,contact,05742- 234314,
Modified,00878,address.line3,NEAR G.I.C.INTER COLLEGE,"HAJIPURA ROAD, NAVEEN NAGAR"
Modified,00878,address.line1,"SWARNIM BHAWAN, HOUSE NO: 528/A","H.NO: 528/A, SWARNIM BHAWAN"
Modified,00878,address.line2,"SECTOR 15, NAVEEN NAGAR, GALLI NO:3","NEAR G.I.C.INTER COLLEGE, GALI NO:3, SECTOR 15"
Modified,00878,mobile,"8171845572, 8923935935","8171845572, 7906113370"
Modified,02482,contact,06753-264236,
Modified,02482,mobile,9178011978,"9178011978, 9937285911"
Modified,03833,name,JAMI,JAMI (VIZIANAGARAM)
Modified,03833,address.line3,BESIDE VETERINARY HOSPITAL,SANTHAPETA STREET
Modified,03833,address.city,JAMI,JAMI (VIZIANAGARAM)
Modified,03833,address.line2,SANTHAPETA STREET,BESIDE VETERINARY HOSPITAL
Modified,03833,mobile,"9515011666, 8501954953",9515011666
Modified,04246,name,SOHNA,SOHNA (GURUGRAM)
Modified,04246,address.city,SOHNA,SOHNA (GURUGRAM)
Modified,01209,contact,08441-277910,
Modified,01209,name,SEDAM,SEDAM (KALABURAGI)
Modified,01209,mobile,"9449121005, 8431252810","9449121005, 9448708774"
Modified,04385,address.line1,BEHIND CHAUHAN ENTERPRISES,"FLAT NO: 553, BEHIND CHAUHAN ENTERPRISES"
Modified,02456,address.line1,SIPAHI THAKUR MOHALLA,H.NO:59
Modified,02456,address.line2,,SIPAHI THAKUR MOHALLA
Modified,00394,address.line1,VISHWA PRAKASH BHAWAN,"VISHWA PRAKASH BHAWAN, KHATA NO: 2110/78,79"
Modified,03507,address.line3,SHIVAJINAGAR,"LT.VISHNU SITARAM CHITALE PATH, SHIVAJINAGAR"
Modified,03507,mobile,"9049184243,7588567531","9049184243, 7588567531"
Modified,00906,name,SALEMPUR,SALEMPUR (UP)
Modified,00906,address.city,SALEMPUR,SALEMPUR (UP)
Modified,04668,name,BIANA,BIANA (KARNAL)
Modified,04668,address.city,BIANA,BIANA (KARNAL)
Modified,04668,mobile,"9050220394, 8708882727","9050220394, 8708882527"
Modified,01909,name,SAMBA,SAMBA (J&K)
Modified,01909,address.city,SAMBA,SAMBA (J&K)
Modified,05111,coords,"['14.6005900000', '78.6676380000']","['14.5944190000', '78.6701250000']"
Modified,05111,address.line3,NEAR BUS STAND,KAMALAPURAM
Modified,05111,address.line1,H NO:9/56,H NO:14/814 A
Modified,05111,address.line2,KOTA STREET,NEAR VIVEKANANDA SCHOOL
Modified,05111,email,,kamalapuram@bkivv.org
Modified,03498,address.line3,,"TEHSIL ROAD, WARD NO:9"
Modified,03498,address.line2,WARD NO: 9,NEAR SRI RAM VATIKA GUEST HOUSE
Modified,03822,district,Osmanabad,DHARASHIV
Modified,03822,name,DHOKI,DHOKI (DHARASHIV)
Modified,01721,contact,02182-221736,
Modified,01721,mobile,"9028802439, 8329570247, 7083800714",9028802439
Modified,00565,contact,07184- 252168,
Modified,05557,address.line2,"OPP: CHHAPRA COLONY, LATA VIHAR","OPP: CHHAPRA COLONY, LATA VIHAR, BHARAT LALTEL ROAD"
Modified,03095,name,IGLAS,IGLAS (ALIGARH)
Modified,03095,address.city,IGLAS,IGLAS (ALIGARH)
Modified,04824,name,RAJOD,RAJOD (DHAR)
Modified,04824,coords,"['22.9511090000', '75.0633280000']","['22.9499900000', '75.0666900000']"
Modified,04824,address.city,RAJOD,RAJOD (DHAR)
Modified,04824,address.line1,WARD NO:7,HOUSE NO: 706
Modified,04824,address.line2,NEAR RADHE KRISHNA TEMPLE,SADAR BAZAR
Modified,04824,email,,rajod@bkivv.org
Modified,04824,mobile,"9691451236, 7804860319",9691451236
Modified,03232,mobile,"9027058612, 8218922860","8218922860, 8532992373"
Modified,04596,name,MADHA,MADHA SHIVAJI NAGAR
Modified,04596,coords,"['18.0289000000', '75.5222560000']","['18.0273580000', '75.5199280000']"
Modified,04596,address.line3,"VAIRAG ROAD, SANMATI NAGAR",SOLAPUR ROAD
Modified,04596,address.line1,"H NO: 2009, KATE NIVAS","H NO: 2892, PLOT NO:61"
Modified,04596,address.line2,NEAR GANESH TEMPLE,"SATHE PLOT, SHIVAJI NAGAR"
Modified,02754,name,ROHA,ROHA (RAIGAD)
Modified,02754,address.city,ROHA,ROHA (RAIGAD)
Modified,90001,region,INDIA,MADHUBAN SISTER CONCERNS
Modified,04383,mobile,8005573260,8619837539
Modified,02545,address.line1,"H NO: 1085, DIVYA ANUBHUTI BHAWAN","H NO: 1085, GLOBAL DIVINE LIGHT HOUSE"
Modified,03010,mobile,"9382089260, 9434642197","9382089260, 9434642197, 9564399814"
Modified,02461,address.line1,"ANAND SAROVAR, SUGAR MILL ROAD","SERVEY NO: 1840/4, ANAND SAROVAR, SUGAR MILL ROAD"
Modified,03235,coords,"['19.3061170000', '84.7799190000']","['19.3043950000', '84.7802630000']"
Modified,03235,address.line3,HOUSING BOARD,NEAR ELECTRICAL SUB STATION
Modified,03235,address.line1,"H.NO:MIG-33, STAGE-2","PLOT NO:1202/3811, HOUSING BOARD"
Modified,03235,address.line2,BRIT COLONY,GANESH NAGAR 3RD LANE
Modified,02788,address.line3,"MONGRA COLONY, WARD NO: 2","MONGRA COLONY, WARD NO: 1"
Modified,02788,address.line1,RAJRUSHI BHAWAN,"RAJRUSHI BHAWAN, H NO: 35"
Modified,02788,address.line2,SANT RAVI DAS WARD,"SANT RAVI DAS WARD, POLICE THANA ROAD"
Modified,00744,contact,01882- 221353,
Modified,00744,email,,hoshiarpur@bkivv.org
Modified,00744,mobile,9417748648,"7986983369, 9696440486"
Modified,00743,contact,01662- 231332,
Modified,03731,name,JEUR,JEUR (KARMALA)
Modified,02165,name,BAHADURGARH SECTOR-13,BAHADURGARH SECTOR 13
Modified,05537,address.line3,VAISHALI NAGAR,VAISHALI NAGAR ROAD
Modified,05169,name,BARGI,BARGI (JABALPUR)
Modified,05169,address.city,BARGI,BARGI (JABALPUR)
Modified,05120,name,DIRBA,DIRBA (SANGRUR)
Modified,05120,address.city,DIRBA,DIRBA (SANGRUR)
Modified,00345,contact,0771- 2233863,
Modified,00610,contact,07109- 282013,
Modified,00610,mobile,"9370319893, 8605363474",8999071642
